test_id,PM2.5,PM10,O3
dongsi_aq#0,22.3915405273,45.5887718201,25
dongsi_aq#1,22.0451393127,45.1634902954,25
dongsi_aq#2,22.3958454132,44.5549240112,25
dongsi_aq#3,22.4024620056,44.5088233948,25
dongsi_aq#4,22.3494129181,44.520652771,25
dongsi_aq#5,22.299156189,44.5274925232,25
dongsi_aq#6,22.2545185089,44.5162467957,25
dongsi_aq#7,22.2144393921,44.4865226746,24
dongsi_aq#8,22.1622371674,44.438419342,24
dongsi_aq#9,21.9753093719,44.3761405945,24
dongsi_aq#10,22.5393753052,44.6381378174,24
dongsi_aq#11,23.4212703705,44.9407730103,23
dongsi_aq#12,23.6733665466,44.9546432495,23
dongsi_aq#13,23.7072658539,44.866859436,22
dongsi_aq#14,23.6891517639,44.7561531067,22
dongsi_aq#15,23.6604995728,44.6493225098,22
dongsi_aq#16,23.6324443817,44.5558891296,22
dongsi_aq#17,23.6079864502,44.4780807495,22
dongsi_aq#18,23.5876255035,44.4150428772,22
dongsi_aq#19,23.5710334778,44.3646621704,21
dongsi_aq#20,23.5576572418,44.3247299194,21
dongsi_aq#21,23.5469436646,44.2931671143,21
dongsi_aq#22,23.5383777618,44.2682533264,21
dongsi_aq#23,23.5315475464,44.2485771179,21
dongsi_aq#24,23.5260982513,44.2330474854,21
dongsi_aq#25,23.5217552185,44.2207527161,21
dongsi_aq#26,23.5182933807,44.2110290527,21
dongsi_aq#27,23.5155334473,44.2033195496,21
dongsi_aq#28,23.5133342743,44.1972122192,21
dongsi_aq#29,23.5115833282,44.1923675537,21
dongsi_aq#30,23.5101852417,44.1885223389,21
dongsi_aq#31,23.5090732574,44.1854629517,21
dongsi_aq#32,23.5081863403,44.1830368042,21
dongsi_aq#33,23.5074825287,44.1811180115,21
dongsi_aq#34,23.5069236755,44.1795845032,21
dongsi_aq#35,23.506477356,44.1783714294,21
dongsi_aq#36,23.5061264038,44.177406311,21
dongsi_aq#37,23.5058460236,44.176651001,21
dongsi_aq#38,23.5056247711,44.1760406494,21
dongsi_aq#39,23.5054512024,44.175567627,21
dongsi_aq#40,23.5053157806,44.1751937866,21
dongsi_aq#41,23.5052089691,44.1748962402,21
dongsi_aq#42,23.5051250458,44.1746635437,21
dongsi_aq#43,23.5050601959,44.1744918823,21
dongsi_aq#44,23.5050106049,44.1743469238,21
dongsi_aq#45,23.5049724579,44.1742362976,21
dongsi_aq#46,23.5049438477,44.1741523743,21
dongsi_aq#47,23.5049228668,44.1740989685,21
tiantan_aq#0,18.508895874,56.5246925354,23
tiantan_aq#1,17.0479736328,55.3433189392,24
tiantan_aq#2,16.9523277283,54.8218269348,24
tiantan_aq#3,16.9758262634,54.7411804199,24
tiantan_aq#4,17.0613212585,54.7009544373,25
tiantan_aq#5,17.1699810028,54.6477813721,25
tiantan_aq#6,17.2776813507,54.5861740112,25
tiantan_aq#7,17.3750610352,54.5247650146,25
tiantan_aq#8,17.4077739716,54.5008087158,25
tiantan_aq#9,16.7289295197,54.8778419495,25
tiantan_aq#10,15.9830722809,54.7482872009,24
tiantan_aq#11,16.2257118225,53.9538078308,24
tiantan_aq#12,16.4446983337,53.5953330994,23
tiantan_aq#13,16.602771759,53.4148597717,23
tiantan_aq#14,16.7295131683,53.292011261,23
tiantan_aq#15,16.8330173492,53.1977157593,23
tiantan_aq#16,16.9169559479,53.1231803894,23
tiantan_aq#17,16.9843845367,53.06407547,23
tiantan_aq#18,17.0381584167,53.0173377991,23
tiantan_aq#19,17.0808639526,52.9804534912,23
tiantan_aq#20,17.1146965027,52.9513893127,23
tiantan_aq#21,17.1414852142,52.9284706116,23
tiantan_aq#22,17.1626987457,52.9103775024,23
tiantan_aq#23,17.1795024872,52.8960990906,23
tiantan_aq#24,17.1928367615,52.8848228455,23
tiantan_aq#25,17.2034168243,52.8758811951,23
tiantan_aq#26,17.211812973,52.8688011169,23
tiantan_aq#27,17.2184906006,52.8631973267,23
tiantan_aq#28,17.2237968445,52.8587303162,23
tiantan_aq#29,17.2280216217,52.8551902771,23
tiantan_aq#30,17.2313804626,52.8523788452,23
tiantan_aq#31,17.2340507507,52.8501434326,23
tiantan_aq#32,17.2361793518,52.8483695984,23
tiantan_aq#33,17.2378749847,52.8469581604,23
tiantan_aq#34,17.2392196655,52.8458328247,23
tiantan_aq#35,17.2402896881,52.8449401855,23
tiantan_aq#36,17.2411403656,52.8442344666,23
tiantan_aq#37,17.241815567,52.8436775208,23
tiantan_aq#38,17.242351532,52.8432312012,23
tiantan_aq#39,17.2427711487,52.8428764343,23
tiantan_aq#40,17.2431106567,52.8426055908,23
tiantan_aq#41,17.2433738708,52.8423843384,23
tiantan_aq#42,17.2435817719,52.8422088623,23
tiantan_aq#43,17.2437438965,52.8420829773,23
tiantan_aq#44,17.2438735962,52.8419799805,23
tiantan_aq#45,17.2439727783,52.8418998718,23
tiantan_aq#46,17.2440509796,52.841835022,23
tiantan_aq#47,17.2441062927,52.8417930603,23
guanyuan_aq#0,23.2980594635,38.4538230896,39
guanyuan_aq#1,23.7795562744,38.1378440857,39
guanyuan_aq#2,23.5297870636,37.7984657288,40
guanyuan_aq#3,23.3729400635,37.9173736572,40
guanyuan_aq#4,23.2220420837,38.0853042603,41
guanyuan_aq#5,23.0799026489,38.2738037109,41
guanyuan_aq#6,22.9497928619,38.4598884583,41
guanyuan_aq#7,22.8341999054,38.6305046082,41
guanyuan_aq#8,22.7345695496,38.796962738,41
guanyuan_aq#9,22.7171344757,39.1402053833,41
guanyuan_aq#10,23.2099571228,39.5046844482,40
guanyuan_aq#11,23.6648521423,39.6702079773,40
guanyuan_aq#12,23.6910591125,39.8922157288,40
guanyuan_aq#13,23.5944366455,40.1246910095,40
guanyuan_aq#14,23.4821491241,40.3351478577,40
guanyuan_aq#15,23.3798999786,40.5146713257,40
guanyuan_aq#16,23.2933197021,40.6629600525,40
guanyuan_aq#17,23.2222976685,40.7831764221,41
guanyuan_aq#18,23.1649837494,40.8795318604,41
guanyuan_aq#19,23.1191215515,40.9562644958,41
guanyuan_aq#20,23.0825881958,41.0171890259,41
guanyuan_aq#21,23.0535469055,41.0654830933,41
guanyuan_aq#22,23.0304794312,41.103767395,41
guanyuan_aq#23,23.0121574402,41.1341209412,41
guanyuan_aq#24,22.9975967407,41.1581993103,41
guanyuan_aq#25,22.9860229492,41.1773223877,41
guanyuan_aq#26,22.9768199921,41.1925163269,41
guanyuan_aq#27,22.969499588,41.2045936584,41
guanyuan_aq#28,22.9636726379,41.2141952515,41
guanyuan_aq#29,22.9590320587,41.2218284607,41
guanyuan_aq#30,22.9553451538,41.2279129028,41
guanyuan_aq#31,22.9524021149,41.2327461243,41
guanyuan_aq#32,22.9500656128,41.2365989685,41
guanyuan_aq#33,22.9482059479,41.239654541,41
guanyuan_aq#34,22.9467277527,41.2421035767,41
guanyuan_aq#35,22.9455471039,41.2440338135,41
guanyuan_aq#36,22.9446182251,41.2455635071,41
guanyuan_aq#37,22.9438743591,41.246799469,41
guanyuan_aq#38,22.9432888031,41.2477645874,41
guanyuan_aq#39,22.9428215027,41.2485237122,41
guanyuan_aq#40,22.9424610138,41.2491378784,41
guanyuan_aq#41,22.9421691895,41.2496109009,41
guanyuan_aq#42,22.9419460297,41.2499847412,41
guanyuan_aq#43,22.9417705536,41.2502670288,41
guanyuan_aq#44,22.9416351318,41.2504997253,41
guanyuan_aq#45,22.9415302277,41.2506752014,41
guanyuan_aq#46,22.941450119,41.2508125305,41
guanyuan_aq#47,22.9413909912,41.2509155273,41
wanshouxigong_aq#0,34.0559806824,37.8451347351,17
wanshouxigong_aq#1,33.9185829163,37.4663200378,17
wanshouxigong_aq#2,34.4675941467,36.6399116516,18
wanshouxigong_aq#3,34.6122665405,36.5683822632,18
wanshouxigong_aq#4,34.7157325745,36.6185913086,18
wanshouxigong_aq#5,34.8214111328,36.6755523682,18
wanshouxigong_aq#6,34.929145813,36.7093811035,18
wanshouxigong_aq#7,35.0344963074,36.7084922791,18
wanshouxigong_aq#8,35.170753479,36.6966743469,18
wanshouxigong_aq#9,35.9322013855,36.9037857056,18
wanshouxigong_aq#10,38.1620788574,36.7001838684,18
wanshouxigong_aq#11,39.873714447,36.0817947388,17
wanshouxigong_aq#12,40.5296592712,35.7804946899,17
wanshouxigong_aq#13,40.8493614197,35.585105896,17
wanshouxigong_aq#14,41.0645713806,35.4175262451,17
wanshouxigong_aq#15,41.2289543152,35.2701339722,17
wanshouxigong_aq#16,41.3586120605,35.1450271606,17
wanshouxigong_aq#17,41.4612426758,35.0423088074,17
wanshouxigong_aq#18,41.5423469543,34.9597816467,17
wanshouxigong_aq#19,41.6062812805,34.8942832947,17
wanshouxigong_aq#20,41.6566467285,34.842628479,17
wanshouxigong_aq#21,41.6963310242,34.8019943237,17
wanshouxigong_aq#22,41.7276115417,34.7700462341,17
wanshouxigong_aq#23,41.7523002625,34.7449073792,17
wanshouxigong_aq#24,41.771812439,34.7251052856,17
wanshouxigong_aq#25,41.7872619629,34.7094841003,17
wanshouxigong_aq#26,41.7994880676,34.6971549988,17
wanshouxigong_aq#27,41.8091888428,34.6874008179,17
wanshouxigong_aq#28,41.8168869019,34.6796798706,17
wanshouxigong_aq#29,41.8230018616,34.6735572815,17
wanshouxigong_aq#30,41.8278617859,34.6687088013,17
wanshouxigong_aq#31,41.8317146301,34.664855957,17
wanshouxigong_aq#32,41.8347854614,34.6618003845,17
wanshouxigong_aq#33,41.837223053,34.6593704224,17
wanshouxigong_aq#34,41.8391609192,34.6574440002,17
wanshouxigong_aq#35,41.8407020569,34.6559066772,17
wanshouxigong_aq#36,41.8419151306,34.6546936035,17
wanshouxigong_aq#37,41.8428916931,34.6537246704,17
wanshouxigong_aq#38,41.8436546326,34.652961731,17
wanshouxigong_aq#39,41.8442611694,34.6523513794,17
wanshouxigong_aq#40,41.8447380066,34.6518669128,17
wanshouxigong_aq#41,41.8451194763,34.6514892578,17
wanshouxigong_aq#42,41.8454093933,34.6511878967,17
wanshouxigong_aq#43,41.8456420898,34.6509513855,17
wanshouxigong_aq#44,41.8458251953,34.65076828,17
wanshouxigong_aq#45,41.8459663391,34.6506271362,17
wanshouxigong_aq#46,41.8460655212,34.65051651,17
wanshouxigong_aq#47,41.8461456299,34.6504325867,17
aotizhongxin_aq#0,14.6206607819,32.3051338196,17
aotizhongxin_aq#1,13.5491113663,32.316204071,17
aotizhongxin_aq#2,12.5218076706,31.5319213867,17
aotizhongxin_aq#3,12.3269357681,31.3906898499,17
aotizhongxin_aq#4,12.2713766098,31.3419399261,17
aotizhongxin_aq#5,12.2385625839,31.3090133667,17
aotizhongxin_aq#6,12.2163858414,31.2872505188,17
aotizhongxin_aq#7,12.2041254044,31.2752132416,17
aotizhongxin_aq#8,12.1974916458,31.2881793976,17
aotizhongxin_aq#9,12.1648588181,31.5992603302,17
aotizhongxin_aq#10,12.2143945694,32.5743980408,17
aotizhongxin_aq#11,12.3159532547,33.2939605713,16
aotizhongxin_aq#12,12.3558225632,33.5183944702,15
aotizhongxin_aq#13,12.3808336258,33.5942497253,15
aotizhongxin_aq#14,12.4035520554,33.6333580017,15
aotizhongxin_aq#15,12.4244222641,33.659992218,15
aotizhongxin_aq#16,12.4425554276,33.6800804138,15
aotizhongxin_aq#17,12.4576025009,33.6956214905,15
aotizhongxin_aq#18,12.4697313309,33.7076644897,15
aotizhongxin_aq#19,12.4793596268,33.7169799805,15
aotizhongxin_aq#20,12.4869289398,33.7241859436,15
aotizhongxin_aq#21,12.4928693771,33.7297592163,15
aotizhongxin_aq#22,12.4975233078,33.7340812683,15
aotizhongxin_aq#23,12.5011711121,33.7374382019,15
aotizhongxin_aq#24,12.5040378571,33.7400550842,15
aotizhongxin_aq#25,12.5062913895,33.7420959473,15
aotizhongxin_aq#26,12.5080680847,33.7437019348,15
aotizhongxin_aq#27,12.509469986,33.7449531555,15
aotizhongxin_aq#28,12.5105772018,33.7459411621,15
aotizhongxin_aq#29,12.5114526749,33.7467155457,15
aotizhongxin_aq#30,12.5121459961,33.7473373413,15
aotizhongxin_aq#31,12.5126962662,33.7478179932,15
aotizhongxin_aq#32,12.513133049,33.7481994629,15
aotizhongxin_aq#33,12.5134820938,33.7485046387,15
aotizhongxin_aq#34,12.5137586594,33.7487411499,15
aotizhongxin_aq#35,12.5139770508,33.7489318848,15
aotizhongxin_aq#36,12.5141525269,33.749080658,15
aotizhongxin_aq#37,12.514292717,33.7491950989,15
aotizhongxin_aq#38,12.5144014359,33.7492866516,15
aotizhongxin_aq#39,12.5144901276,33.7493629456,15
aotizhongxin_aq#40,12.5145597458,33.7494239807,15
aotizhongxin_aq#41,12.5146160126,33.7494697571,15
aotizhongxin_aq#42,12.5146589279,33.7495079041,15
aotizhongxin_aq#43,12.5146951675,33.7495307922,15
aotizhongxin_aq#44,12.5147228241,33.7495536804,15
aotizhongxin_aq#45,12.5147438049,33.7495689392,15
aotizhongxin_aq#46,12.5147600174,33.7495880127,15
aotizhongxin_aq#47,12.5147733688,33.7495994568,15
nongzhanguan_aq#0,28.5121822357,31.6785697937,35
nongzhanguan_aq#1,29.7435894012,32.0821495056,34
nongzhanguan_aq#2,30.2890491486,31.9781742096,33
nongzhanguan_aq#3,30.3107376099,32.1322822571,33
nongzhanguan_aq#4,30.3214511871,32.319480896,33
nongzhanguan_aq#5,30.3379878998,32.4836425781,33
nongzhanguan_aq#6,30.3689002991,32.6127433777,33
nongzhanguan_aq#7,30.4178333282,32.6997756958,32
nongzhanguan_aq#8,30.4907207489,32.8113975525,32
nongzhanguan_aq#9,30.7406272888,33.9065361023,32
nongzhanguan_aq#10,31.4665489197,36.4667472839,30
nongzhanguan_aq#11,32.1015319824,37.9685630798,29
nongzhanguan_aq#12,32.412940979,38.4192848206,29
nongzhanguan_aq#13,32.6189422607,38.5325546265,28
nongzhanguan_aq#14,32.7898674011,38.5433540344,28
nongzhanguan_aq#15,32.9355964661,38.5207176208,28
nongzhanguan_aq#16,33.0570755005,38.4894866943,28
nongzhanguan_aq#17,33.1559524536,38.4592170715,28
nongzhanguan_aq#18,33.2351570129,38.4330978394,28
nongzhanguan_aq#19,33.2980117798,38.4116706848,28
nongzhanguan_aq#20,33.3476333618,38.3945579529,27
nongzhanguan_aq#21,33.386756897,38.381023407,27
nongzhanguan_aq#22,33.4175758362,38.3703842163,27
nongzhanguan_aq#23,33.4418792725,38.362033844,27
nongzhanguan_aq#24,33.461063385,38.3554840088,27
nongzhanguan_aq#25,33.4762191772,38.3503379822,27
nongzhanguan_aq#26,33.4882087708,38.346282959,27
nongzhanguan_aq#27,33.4977073669,38.3431015015,27
nongzhanguan_aq#28,33.50522995,38.3405761719,27
nongzhanguan_aq#29,33.5111961365,38.3385887146,27
nongzhanguan_aq#30,33.5159339905,38.3370170593,27
nongzhanguan_aq#31,33.5196914673,38.3357696533,27
nongzhanguan_aq#32,33.5226783752,38.3347854614,27
nongzhanguan_aq#33,33.5250511169,38.3339958191,27
nongzhanguan_aq#34,33.5269355774,38.3333740234,27
nongzhanguan_aq#35,33.5284309387,38.3328781128,27
nongzhanguan_aq#36,33.5296096802,38.3324890137,27
nongzhanguan_aq#37,33.5305480957,38.3321723938,27
nongzhanguan_aq#38,33.5312957764,38.3319168091,27
nongzhanguan_aq#39,33.531879425,38.3317146301,27
nongzhanguan_aq#40,33.5323410034,38.3315582275,27
nongzhanguan_aq#41,33.5327072144,38.3314323425,27
nongzhanguan_aq#42,33.532989502,38.331325531,27
nongzhanguan_aq#43,33.5332183838,38.3312530518,27
nongzhanguan_aq#44,33.5333862305,38.3311882019,27
nongzhanguan_aq#45,33.5335197449,38.3311347961,27
nongzhanguan_aq#46,33.533618927,38.3310890198,27
nongzhanguan_aq#47,33.5336952209,38.3310661316,27
wanliu_aq#0,25.0623855591,38.0440101624,19
wanliu_aq#1,25.6332836151,38.0197563171,19
wanliu_aq#2,25.1839866638,37.9049911499,20
wanliu_aq#3,25.2132854462,37.9465675354,20
wanliu_aq#4,25.2205486298,38.0255813599,20
wanliu_aq#5,25.1991348267,38.112991333,19
wanliu_aq#6,25.1667137146,38.1963386536,19
wanliu_aq#7,25.1291255951,38.2698249817,19
wanliu_aq#8,25.0342502594,38.3689002991,19
wanliu_aq#9,24.164478302,38.9980964661,19
wanliu_aq#10,22.8937339783,40.1378059387,18
wanliu_aq#11,22.5802135468,40.6680030823,18
wanliu_aq#12,22.4653053284,40.8780517578,18
wanliu_aq#13,22.3802585602,40.9987831116,18
wanliu_aq#14,22.3079891205,41.0858154297,17
wanliu_aq#15,22.2468223572,41.1531295776,17
wanliu_aq#16,22.1962566376,41.2061958313,17
wanliu_aq#17,22.1552867889,41.2481918335,17
wanliu_aq#18,22.1225128174,41.2814254761,16
wanliu_aq#19,22.09649086,41.3077049255,16
wanliu_aq#20,22.0759105682,41.3284912109,16
wanliu_aq#21,22.0596637726,41.3449287415,16
wanliu_aq#22,22.0468406677,41.3579444885,16
wanliu_aq#23,22.0367069244,41.3682518005,16
wanliu_aq#24,22.0286979675,41.3764343262,16
wanliu_aq#25,22.0223560333,41.3829154968,16
wanliu_aq#26,22.0173358917,41.3880691528,16
wanliu_aq#27,22.0133571625,41.3921699524,16
wanliu_aq#28,22.0101985931,41.3954277039,16
wanliu_aq#29,22.0076942444,41.3980178833,16
wanliu_aq#30,22.0057048798,41.4000740051,16
wanliu_aq#31,22.0041255951,41.4017105103,16
wanliu_aq#32,22.002872467,41.4030151367,16
wanliu_aq#33,22.0018787384,41.4040527344,16
wanliu_aq#34,22.0010890961,41.4048805237,16
wanliu_aq#35,22.0004615784,41.4055366516,16
wanliu_aq#36,21.9999694824,41.4060516357,16
wanliu_aq#37,21.9995727539,41.4064674377,16
wanliu_aq#38,21.9992675781,41.4067993164,16
wanliu_aq#39,21.9990215302,41.4070549011,16
wanliu_aq#40,21.9988327026,41.4072608948,16
wanliu_aq#41,21.9986801147,41.4074172974,16
wanliu_aq#42,21.9985618591,41.4075431824,16
wanliu_aq#43,21.9984703064,41.4076347351,16
wanliu_aq#44,21.9984016418,41.4077148438,16
wanliu_aq#45,21.9983482361,41.4077720642,16
wanliu_aq#46,21.9983081818,41.4078178406,16
wanliu_aq#47,21.9982795715,41.4078521729,16
beibuxinqu_aq#0,27.4054412842,45.6951904297,36
beibuxinqu_aq#1,27.3656406403,46.0557479858,35
beibuxinqu_aq#2,27.2341213226,45.6540031433,36
beibuxinqu_aq#3,27.0873031616,45.6074829102,36
beibuxinqu_aq#4,26.9433784485,45.6111297607,36
beibuxinqu_aq#5,26.8242912292,45.6283111572,36
beibuxinqu_aq#6,26.7356319427,45.6586112976,36
beibuxinqu_aq#7,26.674659729,45.6988830566,36
beibuxinqu_aq#8,26.6182975769,45.7524909973,36
beibuxinqu_aq#9,26.3121089935,45.8397827148,36
beibuxinqu_aq#10,25.9256343842,45.4340820313,36
beibuxinqu_aq#11,25.8517608643,44.8778419495,35
beibuxinqu_aq#12,25.8174343109,44.7544670105,34
beibuxinqu_aq#13,25.8059196472,44.7945976257,34
beibuxinqu_aq#14,25.809595108,44.8727645874,34
beibuxinqu_aq#15,25.8201313019,44.9530448914,34
beibuxinqu_aq#16,25.83228302,45.0245056152,34
beibuxinqu_aq#17,25.8435077667,45.084438324,34
beibuxinqu_aq#18,25.8529129028,45.1332435608,34
beibuxinqu_aq#19,25.8604240417,45.1723823547,34
beibuxinqu_aq#20,25.8662872314,45.2035102844,34
beibuxinqu_aq#21,25.8708095551,45.2281913757,34
beibuxinqu_aq#22,25.8742790222,45.2477378845,34
beibuxinqu_aq#23,25.8769378662,45.2631950378,34
beibuxinqu_aq#24,25.8789844513,45.2754516602,34
beibuxinqu_aq#25,25.8805561066,45.2851524353,34
beibuxinqu_aq#26,25.8817749023,45.2928504944,34
beibuxinqu_aq#27,25.8827152252,45.29895401,34
beibuxinqu_aq#28,25.8834514618,45.3038063049,34
beibuxinqu_aq#29,25.8840122223,45.3076629639,34
beibuxinqu_aq#30,25.8844642639,45.3107223511,34
beibuxinqu_aq#31,25.8848056793,45.3131637573,34
beibuxinqu_aq#32,25.8850841522,45.3151054382,34
beibuxinqu_aq#33,25.8852996826,45.3166465759,34
beibuxinqu_aq#34,25.8854694366,45.3178710938,34
beibuxinqu_aq#35,25.8856048584,45.3188476563,34
beibuxinqu_aq#36,25.8857135773,45.3196182251,34
beibuxinqu_aq#37,25.8857975006,45.3202362061,34
beibuxinqu_aq#38,25.8858642578,45.320728302,34
beibuxinqu_aq#39,25.8859214783,45.3211097717,34
beibuxinqu_aq#40,25.8859615326,45.3214187622,34
beibuxinqu_aq#41,25.8859939575,45.3216590881,34
beibuxinqu_aq#42,25.8860263824,45.3218460083,34
beibuxinqu_aq#43,25.8860473633,45.3219985962,34
beibuxinqu_aq#44,25.8860645294,45.3221206665,34
beibuxinqu_aq#45,25.8860816956,45.3222045898,34
beibuxinqu_aq#46,25.8860912323,45.3222770691,34
beibuxinqu_aq#47,25.8860988617,45.3223228455,34
zhiwuyuan_aq#0,20.8608322144,36.5282058716,27
zhiwuyuan_aq#1,21.8249263763,34.925743103,29
zhiwuyuan_aq#2,21.9643802643,33.9638290405,30
zhiwuyuan_aq#3,22.0323867798,33.706035614,30
zhiwuyuan_aq#4,22.0609416962,33.5797691345,30
zhiwuyuan_aq#5,22.0508670807,33.4811935425,30
zhiwuyuan_aq#6,22.0103721619,33.3925247192,30
zhiwuyuan_aq#7,21.9415931702,33.311378479,30
zhiwuyuan_aq#8,21.7914505005,33.2328109741,30
zhiwuyuan_aq#9,20.791305542,33.0855102539,30
zhiwuyuan_aq#10,19.1874904633,32.8069534302,29
zhiwuyuan_aq#11,18.5747489929,32.5773582458,29
zhiwuyuan_aq#12,18.2704753876,32.4168624878,29
zhiwuyuan_aq#13,18.0179424286,32.2843017578,28
zhiwuyuan_aq#14,17.7875938416,32.1708259583,28
zhiwuyuan_aq#15,17.5844249725,32.0754585266,28
zhiwuyuan_aq#16,17.4127082825,31.9970283508,28
zhiwuyuan_aq#17,17.2719898224,31.9336357117,28
zhiwuyuan_aq#18,17.1588726044,31.8829345703,28
zhiwuyuan_aq#19,17.0689220428,31.8426246643,28
zhiwuyuan_aq#20,16.9977874756,31.8106956482,28
zhiwuyuan_aq#21,16.94165802,31.7854270935,28
zhiwuyuan_aq#22,16.8973903656,31.7654380798,28
zhiwuyuan_aq#23,16.8624649048,31.7496089935,28
zhiwuyuan_aq#24,16.8348789215,31.7370662689,28
zhiwuyuan_aq#25,16.8130702972,31.7271213531,28
zhiwuyuan_aq#26,16.7958106995,31.7192287445,28
zhiwuyuan_aq#27,16.7821350098,31.7129688263,28
zhiwuyuan_aq#28,16.7712917328,31.707983017,28
zhiwuyuan_aq#29,16.7626895905,31.7040309906,28
zhiwuyuan_aq#30,16.7558574677,31.7008838654,28
zhiwuyuan_aq#31,16.7504291534,31.698381424,28
zhiwuyuan_aq#32,16.7461185455,31.6963863373,28
zhiwuyuan_aq#33,16.7426929474,31.6948070526,28
zhiwuyuan_aq#34,16.7399692535,31.6935520172,28
zhiwuyuan_aq#35,16.7378063202,31.6925525665,28
zhiwuyuan_aq#36,16.7360916138,31.6917591095,28
zhiwuyuan_aq#37,16.7347316742,31.6911296844,28
zhiwuyuan_aq#38,16.7336463928,31.6906299591,28
zhiwuyuan_aq#39,16.732793808,31.6902370453,28
zhiwuyuan_aq#40,16.7321166992,31.6899280548,28
zhiwuyuan_aq#41,16.731584549,31.6896839142,28
zhiwuyuan_aq#42,16.7311668396,31.6894893646,28
zhiwuyuan_aq#43,16.7308387756,31.6893367767,28
zhiwuyuan_aq#44,16.7305831909,31.6892223358,28
zhiwuyuan_aq#45,16.7303848267,31.6891345978,28
zhiwuyuan_aq#46,16.7302341461,31.6890621185,28
zhiwuyuan_aq#47,16.7301177979,31.6890163422,28
fengtaihuayuan_aq#0,19.5517482758,39.4999885559,19
fengtaihuayuan_aq#1,18.0582752228,39.6931381226,19
fengtaihuayuan_aq#2,16.5935459137,40.0664901733,20
fengtaihuayuan_aq#3,16.3980979919,40.1557998657,20
fengtaihuayuan_aq#4,16.3032722473,40.1750526428,20
fengtaihuayuan_aq#5,16.2006130219,40.1830062866,20
fengtaihuayuan_aq#6,16.0918178558,40.1797409058,20
fengtaihuayuan_aq#7,15.9807577133,40.1642494202,20
fengtaihuayuan_aq#8,15.8793544769,40.0747528076,20
fengtaihuayuan_aq#9,15.9714536667,39.0708351135,19
fengtaihuayuan_aq#10,16.724697113,37.4758720398,18
fengtaihuayuan_aq#11,17.2958774567,37.0000228882,17
fengtaihuayuan_aq#12,17.3195323944,36.8562202454,17
fengtaihuayuan_aq#13,17.1763420105,36.7638587952,16
fengtaihuayuan_aq#14,17.0056304932,36.6857643127,16
fengtaihuayuan_aq#15,16.8463935852,36.6186790466,16
fengtaihuayuan_aq#16,16.7096309662,36.5625915527,16
fengtaihuayuan_aq#17,16.5967178345,36.5169143677,16
fengtaihuayuan_aq#18,16.505449295,36.4803390503,16
fengtaihuayuan_aq#19,16.4324913025,36.4513549805,16
fengtaihuayuan_aq#20,16.3745079041,36.4285011292,16
fengtaihuayuan_aq#21,16.3285446167,36.4105186462,16
fengtaihuayuan_aq#22,16.2921466827,36.3963623047,16
fengtaihuayuan_aq#23,16.2633209229,36.3852233887,16
fengtaihuayuan_aq#24,16.2404747009,36.3764419556,16
fengtaihuayuan_aq#25,16.2223587036,36.3695106506,16
fengtaihuayuan_aq#26,16.2079849243,36.3640365601,16
fengtaihuayuan_aq#27,16.1965675354,36.3597068787,16
fengtaihuayuan_aq#28,16.1874923706,36.3562774658,16
fengtaihuayuan_aq#29,16.1802845001,36.353553772,16
fengtaihuayuan_aq#30,16.1745491028,36.3514022827,16
fengtaihuayuan_aq#31,16.1699886322,36.3496932983,16
fengtaihuayuan_aq#32,16.1663627625,36.3483428955,16
fengtaihuayuan_aq#33,16.1634807587,36.3472633362,16
fengtaihuayuan_aq#34,16.1611862183,36.346408844,16
fengtaihuayuan_aq#35,16.159368515,36.3457298279,16
fengtaihuayuan_aq#36,16.1579227448,36.3451957703,16
fengtaihuayuan_aq#37,16.1567764282,36.3447723389,16
fengtaihuayuan_aq#38,16.1558685303,36.3444366455,16
fengtaihuayuan_aq#39,16.1551513672,36.3441696167,16
fengtaihuayuan_aq#40,16.1545829773,36.3439598083,16
fengtaihuayuan_aq#41,16.1541385651,36.3437995911,16
fengtaihuayuan_aq#42,16.1537895203,36.3436698914,16
fengtaihuayuan_aq#43,16.1535148621,36.3435707092,16
fengtaihuayuan_aq#44,16.1533050537,36.3434944153,16
fengtaihuayuan_aq#45,16.1531410217,36.3434333801,16
fengtaihuayuan_aq#46,16.1530170441,36.3433876038,16
fengtaihuayuan_aq#47,16.1529254913,36.3433494568,16
yungang_aq#0,34.1426582336,22.4579925537,26
yungang_aq#1,34.6544456482,21.4634647369,26
yungang_aq#2,34.1214065552,20.146648407,25
yungang_aq#3,34.0978507996,19.9502983093,25
yungang_aq#4,34.1046905518,19.9128494263,25
yungang_aq#5,34.1013336182,19.909784317,24
yungang_aq#6,34.0969734192,19.9278087616,24
yungang_aq#7,34.0977516174,19.966463089,24
yungang_aq#8,34.1162986755,20.0394973755,24
yungang_aq#9,34.294960022,20.3987426758,24
yungang_aq#10,34.4516677856,21.2254657745,24
yungang_aq#11,34.3855323792,21.7949028015,24
yungang_aq#12,34.3720779419,22.0645694733,23
yungang_aq#13,34.3868675232,22.2486152649,23
yungang_aq#14,34.4091644287,22.4050922394,23
yungang_aq#15,34.4319381714,22.5403614044,23
yungang_aq#16,34.4523544312,22.6539173126,23
yungang_aq#17,34.4695358276,22.746679306,23
yungang_aq#18,34.4835243225,22.8211078644,23
yungang_aq#19,34.4947052002,22.8802013397,23
yungang_aq#20,34.5035820007,22.9268856049,23
yungang_aq#21,34.5105934143,22.96367836,23
yungang_aq#22,34.5161170959,22.9926738739,23
yungang_aq#23,34.5204849243,23.0155315399,23
yungang_aq#24,34.5239295959,23.033575058,23
yungang_aq#25,34.5266532898,23.0478248596,23
yungang_aq#26,34.5288124084,23.0591030121,23
yungang_aq#27,34.5305099487,23.0680332184,23
yungang_aq#28,34.531867981,23.0751113892,23
yungang_aq#29,34.5329437256,23.0807247162,23
yungang_aq#30,34.5337944031,23.0851802826,23
yungang_aq#31,34.5344657898,23.0887145996,23
yungang_aq#32,34.5350074768,23.0915260315,23
yungang_aq#33,34.5354385376,23.0937576294,23
yungang_aq#34,34.5357894897,23.095533371,23
yungang_aq#35,34.5360603333,23.0969429016,23
yungang_aq#36,34.5362701416,23.0980644226,23
yungang_aq#37,34.5364379883,23.0989494324,23
yungang_aq#38,34.5365791321,23.099653244,23
yungang_aq#39,34.5366821289,23.1002101898,23
yungang_aq#40,34.5367736816,23.1006526947,23
yungang_aq#41,34.5368423462,23.1009998322,23
yungang_aq#42,34.536895752,23.101272583,23
yungang_aq#43,34.5369338989,23.1014842987,23
yungang_aq#44,34.5369682312,23.1016521454,23
yungang_aq#45,34.5369949341,23.1017818451,23
yungang_aq#46,34.5370140076,23.1018829346,23
yungang_aq#47,34.5370330811,23.1019573212,23
gucheng_aq#0,32.862247467,25.6993484497,42
gucheng_aq#1,34.976474762,26.9620685577,42
gucheng_aq#2,35.0004005432,27.233631134,43
gucheng_aq#3,35.1863861084,27.2097492218,42
gucheng_aq#4,35.3151092529,27.1230487823,42
gucheng_aq#5,35.4230422974,27.0346775055,42
gucheng_aq#6,35.5329055786,26.9466285706,42
gucheng_aq#7,35.649848938,26.8593730927,42
gucheng_aq#8,35.7302894592,26.8262233734,42
gucheng_aq#9,35.1826553345,27.6214828491,41
gucheng_aq#10,33.9976196289,29.7084732056,41
gucheng_aq#11,33.5849380493,30.894071579,42
gucheng_aq#12,33.6584320068,31.1168746948,42
gucheng_aq#13,33.8609962463,31.069393158,42
gucheng_aq#14,34.0801315308,30.9647293091,41
gucheng_aq#15,34.2810821533,30.8568878174,41
gucheng_aq#16,34.4529457092,30.7610855103,41
gucheng_aq#17,34.5945701599,30.6807746887,41
gucheng_aq#18,34.7088851929,30.6153068542,41
gucheng_aq#19,34.8001441956,30.5627002716,41
gucheng_aq#20,34.8725662231,30.520740509,41
gucheng_aq#21,34.9299087524,30.4873905182,41
gucheng_aq#22,34.9752655029,30.4609298706,41
gucheng_aq#23,35.0111579895,30.4399261475,41
gucheng_aq#24,35.0395774841,30.4232654572,41
gucheng_aq#25,35.0620956421,30.4100341797,41
gucheng_aq#26,35.0799560547,30.3995227814,41
gucheng_aq#27,35.0941352844,30.3911685944,41
gucheng_aq#28,35.1053924561,30.3845329285,41
gucheng_aq#29,35.1143379211,30.3792514801,41
gucheng_aq#30,35.1214485168,30.3750476837,41
gucheng_aq#31,35.1271018982,30.3717060089,41
gucheng_aq#32,35.131603241,30.3690490723,41
gucheng_aq#33,35.1351737976,30.36693573,41
gucheng_aq#34,35.1380271912,30.3652553558,41
gucheng_aq#35,35.1402854919,30.3639221191,41
gucheng_aq#36,35.1420783997,30.3628616333,41
gucheng_aq#37,35.143497467,30.3620262146,41
gucheng_aq#38,35.1446342468,30.3613586426,41
gucheng_aq#39,35.1455307007,30.3608322144,41
gucheng_aq#40,35.1462364197,30.3604164124,41
gucheng_aq#41,35.1467857361,30.3600940704,41
gucheng_aq#42,35.1472320557,30.3598384857,41
gucheng_aq#43,35.1475715637,30.3596401215,41
gucheng_aq#44,35.1478347778,30.3594856262,41
gucheng_aq#45,35.1480445862,30.3593673706,41
gucheng_aq#46,35.1482009888,30.3592796326,41
gucheng_aq#47,35.1483230591,30.3592128754,41
fangshan_aq#0,34.4464454651,41.6341705322,17
fangshan_aq#1,33.4048576355,40.0833320618,15
fangshan_aq#2,33.4458236694,40.6238021851,14
fangshan_aq#3,33.498134613,40.5729904175,14
fangshan_aq#4,33.5979309082,40.4720115662,14
fangshan_aq#5,33.7216949463,40.3764343262,14
fangshan_aq#6,33.8473434448,40.2894859314,14
fangshan_aq#7,33.9646263123,40.2147903442,14
fangshan_aq#8,34.0788383484,40.1462516785,14
fangshan_aq#9,34.379535675,39.9519195557,14
fangshan_aq#10,35.5010108948,39.2978973389,14
fangshan_aq#11,36.5670280457,38.7184066772,15
fangshan_aq#12,37.0397911072,38.472568512,15
fangshan_aq#13,37.3013572693,38.3416213989,15
fangshan_aq#14,37.4886741638,38.2521247864,15
fangshan_aq#15,37.6350402832,38.1847953796,15
fangshan_aq#16,37.7514953613,38.1324806213,15
fangshan_aq#17,37.8441200256,38.0913887024,15
fangshan_aq#18,37.917552948,38.0590019226,15
fangshan_aq#19,37.9756126404,38.0334320068,15
fangshan_aq#20,38.0214805603,38.0132331848,15
fangshan_aq#21,38.0576972961,37.9972572327,15
fangshan_aq#22,38.0863113403,37.9846038818,15
fangshan_aq#23,38.1089439392,37.9745788574,15
fangshan_aq#24,38.126865387,37.966632843,15
fangshan_aq#25,38.1410636902,37.960319519,15
fangshan_aq#26,38.1523323059,37.9553070068,15
fangshan_aq#27,38.1612739563,37.9513168335,15
fangshan_aq#28,38.1683769226,37.9481430054,15
fangshan_aq#29,38.174030304,37.9456176758,15
fangshan_aq#30,38.1785163879,37.943611145,15
fangshan_aq#31,38.1820793152,37.9420204163,15
fangshan_aq#32,38.18491745,37.9407463074,15
fangshan_aq#33,38.187171936,37.9397354126,15
fangshan_aq#34,38.1889686584,37.9389305115,15
fangshan_aq#35,38.1903953552,37.938293457,15
fangshan_aq#36,38.1915245056,37.9377822876,15
fangshan_aq#37,38.1924209595,37.9373817444,15
fangshan_aq#38,38.1931304932,37.9370613098,15
fangshan_aq#39,38.1936950684,37.9368095398,15
fangshan_aq#40,38.1941337585,37.9366149902,15
fangshan_aq#41,38.194480896,37.9364547729,15
fangshan_aq#42,38.1947555542,37.9363365173,15
fangshan_aq#43,38.1949653625,37.9362373352,15
fangshan_aq#44,38.1951332092,37.936164856,15
fangshan_aq#45,38.1952590942,37.9361038208,15
fangshan_aq#46,38.1953582764,37.9360656738,15
fangshan_aq#47,38.1954307556,37.9360313416,15
daxing_aq#0,28.1632099152,28.4046096802,22
daxing_aq#1,28.6226577759,30.3928394318,23
daxing_aq#2,28.1381168365,31.7450218201,23
daxing_aq#3,28.2337284088,31.9246845245,24
daxing_aq#4,28.3917102814,31.9157123566,24
daxing_aq#5,28.5739536285,31.9004535675,24
daxing_aq#6,28.7597808838,31.8735141754,24
daxing_aq#7,28.9333496094,31.8226737976,24
daxing_aq#8,29.0766735077,31.7828922272,24
daxing_aq#9,29.0198993683,32.2792015076,24
daxing_aq#10,28.897649765,33.772441864,25
daxing_aq#11,29.0662555695,34.6847267151,25
daxing_aq#12,29.321844101,34.8202514648,25
daxing_aq#13,29.5785236359,34.7178955078,26
daxing_aq#14,29.808757782,34.5603599548,26
daxing_aq#15,30.0047874451,34.4021530151,26
daxing_aq#16,30.1667041779,34.2618675232,26
daxing_aq#17,30.2979393005,34.1443595886,26
daxing_aq#18,30.4030952454,34.0488204956,26
daxing_aq#19,30.4868049622,33.9723396301,26
daxing_aq#20,30.5532283783,33.9116172791,26
daxing_aq#21,30.6058616638,33.8635597229,26
daxing_aq#22,30.6475601196,33.8255882263,26
daxing_aq#23,30.6806049347,33.7955780029,26
daxing_aq#24,30.7068080902,33.7718505859,26
daxing_aq#25,30.7276058197,33.7530708313,26
daxing_aq#26,30.7441310883,33.7381973267,26
daxing_aq#27,30.7572517395,33.7264060974,26
daxing_aq#28,30.7676868439,33.7170448303,26
daxing_aq#29,30.7759857178,33.7096214294,26
daxing_aq#30,30.7825908661,33.7037277222,26
daxing_aq#31,30.7878398895,33.6990318298,26
daxing_aq#32,30.7920207977,33.6953086853,26
daxing_aq#33,30.7953453064,33.6923561096,26
daxing_aq#34,30.7979888916,33.6899986267,26
daxing_aq#35,30.8000926971,33.6881256104,26
daxing_aq#36,30.8017559052,33.6866416931,26
daxing_aq#37,30.8030776978,33.6854629517,26
daxing_aq#38,30.8041286469,33.6845283508,26
daxing_aq#39,30.8049564362,33.6837921143,26
daxing_aq#40,30.8056087494,33.6832122803,26
daxing_aq#41,30.8061256409,33.6827468872,26
daxing_aq#42,30.8065280914,33.6823883057,26
daxing_aq#43,30.8068447113,33.6821060181,26
daxing_aq#44,30.8070850372,33.6818809509,26
daxing_aq#45,30.80727005,33.6817169189,26
daxing_aq#46,30.8074169159,33.6815795898,26
daxing_aq#47,30.8075237274,33.681476593,26
yizhuang_aq#0,26.5378437042,38.9329605103,33
yizhuang_aq#1,27.7133407593,38.9420204163,34
yizhuang_aq#2,29.4476299286,38.2748794556,35
yizhuang_aq#3,29.6077880859,38.2632446289,35
yizhuang_aq#4,29.6028957367,38.3310623169,35
yizhuang_aq#5,29.591173172,38.4048690796,35
yizhuang_aq#6,29.5803050995,38.4705047607,35
yizhuang_aq#7,29.5693130493,38.5205192566,35
yizhuang_aq#8,29.6001739502,38.5444221497,35
yizhuang_aq#9,30.1872730255,38.5004043579,35
yizhuang_aq#10,30.7223472595,39.2132301331,36
yizhuang_aq#11,30.4962596893,40.1595954895,36
yizhuang_aq#12,30.3766460419,40.4982185364,37
yizhuang_aq#13,30.3235282898,40.6188430786,37
yizhuang_aq#14,30.2903118134,40.6731796265,37
yizhuang_aq#15,30.26537323,40.7022171021,37
yizhuang_aq#16,30.2457237244,40.7197952271,37
yizhuang_aq#17,30.2301616669,40.7315063477,37
yizhuang_aq#18,30.2178707123,40.7398719788,37
yizhuang_aq#19,30.2081985474,40.7461204529,37
yizhuang_aq#20,30.2005901337,40.7509231567,37
yizhuang_aq#21,30.1946125031,40.7546730042,37
yizhuang_aq#22,30.1899089813,40.7576446533,37
yizhuang_aq#23,30.1861953735,40.7599945068,37
yizhuang_aq#24,30.1832733154,40.7618751526,37
yizhuang_aq#25,30.1809558868,40.7633666992,37
yizhuang_aq#26,30.1791267395,40.7645721436,37
yizhuang_aq#27,30.1776771545,40.7655258179,37
yizhuang_aq#28,30.1765232086,40.766292572,37
yizhuang_aq#29,30.1756076813,40.7669029236,37
yizhuang_aq#30,30.1748790741,40.7673950195,37
yizhuang_aq#31,30.1743049622,40.7677841187,37
yizhuang_aq#32,30.1738452911,40.7680969238,37
yizhuang_aq#33,30.1734771729,40.7683448792,37
yizhuang_aq#34,30.1731834412,40.7685432434,37
yizhuang_aq#35,30.1729507446,40.7687072754,37
yizhuang_aq#36,30.1727676392,40.7688369751,37
yizhuang_aq#37,30.172618866,40.7689361572,37
yizhuang_aq#38,30.1724967957,40.7690124512,37
yizhuang_aq#39,30.1724052429,40.7690811157,37
yizhuang_aq#40,30.1723270416,40.7691268921,37
yizhuang_aq#41,30.1722621918,40.7691726685,37
yizhuang_aq#42,30.1722183228,40.7691955566,37
yizhuang_aq#43,30.1721782684,40.7692260742,37
yizhuang_aq#44,30.1721496582,40.769241333,37
yizhuang_aq#45,30.1721286774,40.7692565918,37
yizhuang_aq#46,30.1721038818,40.7692718506,37
yizhuang_aq#47,30.1720905304,40.7692718506,37
tongzhou_aq#0,21.7493782043,42.5455360413,26
tongzhou_aq#1,22.7130756378,45.1498031616,27
tongzhou_aq#2,23.5342578888,46.7179450989,28
tongzhou_aq#3,23.6453037262,46.9356079102,28
tongzhou_aq#4,23.6423854828,46.9310836792,29
tongzhou_aq#5,23.6409683228,46.8745956421,29
tongzhou_aq#6,23.6388511658,46.8136024475,29
tongzhou_aq#7,23.6314849854,46.7658615112,29
tongzhou_aq#8,23.6432209015,46.6932144165,29
tongzhou_aq#9,24.0532779694,46.1058044434,28
tongzhou_aq#10,25.1635513306,45.6665458679,27
tongzhou_aq#11,25.8446235657,45.9764022827,25
tongzhou_aq#12,26.0122814178,46.0966873169,25
tongzhou_aq#13,26.0285835266,46.1251449585,25
tongzhou_aq#14,26.0066280365,46.1352958679,25
tongzhou_aq#15,25.9764137268,46.1424026489,25
tongzhou_aq#16,25.9472103119,46.1484794617,25
tongzhou_aq#17,25.9218597412,46.1534957886,25
tongzhou_aq#18,25.9008712769,46.1574172974,25
tongzhou_aq#19,25.883890152,46.1603851318,25
tongzhou_aq#20,25.8703136444,46.1625862122,25
tongzhou_aq#21,25.8595142365,46.1641960144,25
tongzhou_aq#22,25.8509559631,46.1653709412,25
tongzhou_aq#23,25.8441696167,46.166229248,25
tongzhou_aq#24,25.8387928009,46.1668548584,25
tongzhou_aq#25,25.8345317841,46.1673164368,25
tongzhou_aq#26,25.8311481476,46.1676559448,25
tongzhou_aq#27,25.8284626007,46.1679039001,25
tongzhou_aq#28,25.826335907,46.1680984497,25
tongzhou_aq#29,25.824640274,46.1682357788,25
tongzhou_aq#30,25.8232955933,46.1683425903,25
tongzhou_aq#31,25.8222255707,46.1684303284,25
tongzhou_aq#32,25.8213806152,46.1684875488,25
tongzhou_aq#33,25.8207035065,46.1685371399,25
tongzhou_aq#34,25.8201618195,46.1685829163,25
tongzhou_aq#35,25.8197402954,46.1686096191,25
tongzhou_aq#36,25.8194046021,46.1686325073,25
tongzhou_aq#37,25.8191356659,46.1686553955,25
tongzhou_aq#38,25.8189239502,46.168674469,25
tongzhou_aq#39,25.8187599182,46.1686820984,25
tongzhou_aq#40,25.8186264038,46.1687011719,25
tongzhou_aq#41,25.8185253143,46.1687011719,25
tongzhou_aq#42,25.8184432983,46.1687164307,25
tongzhou_aq#43,25.8183803558,46.1687202454,25
tongzhou_aq#44,25.8183345795,46.1687240601,25
tongzhou_aq#45,25.8182983398,46.1687316895,25
tongzhou_aq#46,25.818271637,46.1687355042,25
tongzhou_aq#47,25.8182506561,46.1687431335,25
shunyi_aq#0,28.4850959778,40.3845176697,34
shunyi_aq#1,28.5372524261,41.3563804626,36
shunyi_aq#2,28.3225784302,40.6548881531,36
shunyi_aq#3,28.3130626678,40.5228691101,35
shunyi_aq#4,28.3185977936,40.4209251404,35
shunyi_aq#5,28.3351516724,40.2998771667,35
shunyi_aq#6,28.3724193573,40.1891441345,35
shunyi_aq#7,28.432434082,40.1019325256,35
shunyi_aq#8,28.5592556,40.0209503174,34
shunyi_aq#9,29.3947525024,39.6757736206,34
shunyi_aq#10,30.8534736633,38.959815979,35
shunyi_aq#11,31.5207977295,38.5263977051,35
shunyi_aq#12,31.8313522339,38.3442764282,35
shunyi_aq#13,32.0629425049,38.2573471069,35
shunyi_aq#14,32.2662696838,38.2089385986,35
shunyi_aq#15,32.44323349,38.1790809631,34
shunyi_aq#16,32.5919952393,38.1590881348,34
shunyi_aq#17,32.7135810852,38.1447105408,34
shunyi_aq#18,32.8111801147,38.1338233948,34
shunyi_aq#19,32.8887329102,38.1253013611,34
shunyi_aq#20,32.9500312805,38.1185035706,34
shunyi_aq#21,32.998374939,38.1130599976,34
shunyi_aq#22,33.036491394,38.108669281,34
shunyi_aq#23,33.0665512085,38.1051254272,34
shunyi_aq#24,33.0902824402,38.1022529602,34
shunyi_aq#25,33.1090431213,38.0999565125,34
shunyi_aq#26,33.1238937378,38.0980987549,34
shunyi_aq#27,33.1356544495,38.0965957642,34
shunyi_aq#28,33.1449775696,38.0953903198,34
shunyi_aq#29,33.1523666382,38.0944328308,34
shunyi_aq#30,33.158241272,38.0936508179,34
shunyi_aq#31,33.162902832,38.0930252075,34
shunyi_aq#32,33.1666030884,38.0925292969,34
shunyi_aq#33,33.1695480347,38.092124939,34
shunyi_aq#34,33.1718788147,38.0918121338,34
shunyi_aq#35,33.1737327576,38.0915679932,34
shunyi_aq#36,33.1752052307,38.0913696289,34
shunyi_aq#37,33.1763725281,38.0911979675,34
shunyi_aq#38,33.1772956848,38.0910758972,34
shunyi_aq#39,33.178024292,38.0909767151,34
shunyi_aq#40,33.178604126,38.0908966064,34
shunyi_aq#41,33.179058075,38.0908355713,34
shunyi_aq#42,33.1794128418,38.0907859802,34
shunyi_aq#43,33.1796913147,38.0907516479,34
shunyi_aq#44,33.1799125671,38.0907173157,34
shunyi_aq#45,33.1800765991,38.0906982422,34
shunyi_aq#46,33.1802062988,38.0906829834,34
shunyi_aq#47,33.1803016663,38.0906715393,34
pingchang_aq#0,10.385014534,15.8880023956,0
pingchang_aq#1,10.6546497345,16.0500946045,0
pingchang_aq#2,10.5603370667,16.0142116547,0
pingchang_aq#3,10.5485296249,16.0374183655,0
pingchang_aq#4,10.6065073013,16.0934963226,0
pingchang_aq#5,10.6797990799,16.1716270447,0
pingchang_aq#6,10.7617464066,16.2594833374,0
pingchang_aq#7,10.8493185043,16.3471221924,0
pingchang_aq#8,10.9741287231,16.3851852417,0
pingchang_aq#9,11.6644849777,15.7650489807,0
pingchang_aq#10,13.2922735214,14.7440767288,0
pingchang_aq#11,14.3856515884,14.57380867,0
pingchang_aq#12,14.845205307,14.6734628677,0
pingchang_aq#13,15.1035280228,14.8178052902,0
pingchang_aq#14,15.2949705124,14.9590702057,0
pingchang_aq#15,15.4486513138,15.0837450027,0
pingchang_aq#16,15.572889328,15.1885309219,0
pingchang_aq#17,15.672498703,15.2741918564,0
pingchang_aq#18,15.7517118454,15.3430843353,0
pingchang_aq#19,15.8143787384,15.3980083466,0
pingchang_aq#20,15.8638324738,15.4415922165,0
pingchang_aq#21,15.9028234482,15.47610569,0
pingchang_aq#22,15.9335784912,15.5034284592,0
pingchang_aq#23,15.9578542709,15.5250558853,0
pingchang_aq#24,15.9770393372,15.5421972275,0
pingchang_aq#25,15.9922142029,15.5557832718,0
pingchang_aq#26,16.004234314,15.566567421,0
pingchang_aq#27,16.0137577057,15.5751276016,0
pingchang_aq#28,16.0213184357,15.5819292068,0
pingchang_aq#29,16.0273189545,15.5873403549,0
pingchang_aq#30,16.032081604,15.5916395187,0
pingchang_aq#31,16.0358657837,15.5950565338,0
pingchang_aq#32,16.0388698578,15.5977754593,0
pingchang_aq#33,16.0412597656,15.5999364853,0
pingchang_aq#34,16.0431518555,15.6016521454,0
pingchang_aq#35,16.0446605682,15.6030197144,0
pingchang_aq#36,16.0458526611,15.6041002274,0
pingchang_aq#37,16.0467948914,15.6049623489,0
pingchang_aq#38,16.0475406647,15.6056413651,0
pingchang_aq#39,16.0481319427,15.6061754227,0
pingchang_aq#40,16.0485954285,15.6065969467,0
pingchang_aq#41,16.0489597321,15.6069307327,0
pingchang_aq#42,16.0492420197,15.6071901321,0
pingchang_aq#43,16.0494670868,15.6073923111,0
pingchang_aq#44,16.0496368408,15.6075496674,0
pingchang_aq#45,16.0497665405,15.6076669693,0
pingchang_aq#46,16.0498657227,15.6077604294,0
pingchang_aq#47,16.0499401093,15.6078281403,0
mentougou_aq#0,32.8862304688,37.1938056946,34
mentougou_aq#1,35.2983512878,36.2763938904,34
mentougou_aq#2,36.7712135315,36.040687561,34
mentougou_aq#3,37.1180915833,35.8952865601,34
mentougou_aq#4,37.2993164063,35.7171516418,34
mentougou_aq#5,37.4621238708,35.532497406,34
mentougou_aq#6,37.6178321838,35.3518257141,34
mentougou_aq#7,37.7609291077,35.1782341003,34
mentougou_aq#8,37.8365325928,35.0145797729,34
mentougou_aq#9,37.0466346741,34.872882843,34
mentougou_aq#10,34.8780517578,34.8468933105,36
mentougou_aq#11,33.648979187,34.7613258362,37
mentougou_aq#12,33.4506530762,34.5212478638,38
mentougou_aq#13,33.547088623,34.2531242371,38
mentougou_aq#14,33.6991157532,34.0037956238,38
mentougou_aq#15,33.8466796875,33.7875328064,38
mentougou_aq#16,33.9746551514,33.6072044373,38
mentougou_aq#17,34.080783844,33.4603996277,38
mentougou_aq#18,34.166885376,33.3425521851,38
mentougou_aq#19,34.2359352112,33.2486839294,38
mentougou_aq#20,34.2909965515,33.1742248535,38
mentougou_aq#21,34.3347892761,33.1152572632,38
mentougou_aq#22,34.3695640564,33.068561554,38
mentougou_aq#23,34.3971824646,33.0315856934,38
mentougou_aq#24,34.4191207886,33.0022850037,38
mentougou_aq#25,34.4365577698,32.9790420532,38
mentougou_aq#26,34.4504318237,32.9605941772,38
mentougou_aq#27,34.4614562988,32.945941925,38
mentougou_aq#28,34.4702262878,32.9343032837,38
mentougou_aq#29,34.4772071838,32.9250450134,38
mentougou_aq#30,34.4827613831,32.9176902771,38
mentougou_aq#31,34.4871864319,32.9118347168,38
mentougou_aq#32,34.4907035828,32.9071807861,38
mentougou_aq#33,34.4934959412,32.9034729004,38
mentougou_aq#34,34.4957199097,32.9005355835,38
mentougou_aq#35,34.4974861145,32.8981933594,38
mentougou_aq#36,34.4988861084,32.8963356018,38
mentougou_aq#37,34.4999961853,32.8948631287,38
mentougou_aq#38,34.5008735657,32.8936958313,38
mentougou_aq#39,34.5015678406,32.8927726746,38
mentougou_aq#40,34.5021133423,32.8920478821,38
mentougou_aq#41,34.5025367737,32.8914756775,38
mentougou_aq#42,34.5028686523,32.8910217285,38
mentougou_aq#43,34.5031356812,32.8906784058,38
mentougou_aq#44,34.5033416748,32.890411377,38
mentougou_aq#45,34.5034866333,32.8901977539,38
mentougou_aq#46,34.5036087036,32.8900413513,38
mentougou_aq#47,34.5036964417,32.8899230957,38
pinggu_aq#0,22.9874782562,32.0567131042,19
pinggu_aq#1,23.4276409149,33.7600364685,19
pinggu_aq#2,23.2469902039,34.1199874878,18
pinggu_aq#3,23.2032432556,34.1548919678,18
pinggu_aq#4,23.2522068024,34.1426734924,18
pinggu_aq#5,23.3382759094,34.1254196167,18
pinggu_aq#6,23.4393062592,34.1139221191,18
pinggu_aq#7,23.5441703796,34.113368988,18
pinggu_aq#8,23.6604194641,34.1700973511,18
pinggu_aq#9,23.8654575348,34.8748435974,19
pinggu_aq#10,23.3888244629,35.7891998291,21
pinggu_aq#11,22.6841564178,35.8962059021,22
pinggu_aq#12,22.5772418976,35.9246902466,23
pinggu_aq#13,22.6838874817,35.9633827209,23
pinggu_aq#14,22.8321876526,36.0064125061,23
pinggu_aq#15,22.9744987488,36.0474281311,23
pinggu_aq#16,23.0978088379,36.0832901001,23
pinggu_aq#17,23.2000007629,36.1131401062,23
pinggu_aq#18,23.2827701569,36.1372947693,23
pinggu_aq#19,23.3490142822,36.1565437317,23
pinggu_aq#20,23.4017124176,36.1717605591,22
pinggu_aq#21,23.4435119629,36.1837501526,22
pinggu_aq#22,23.4766407013,36.1931877136,22
pinggu_aq#23,23.5028839111,36.2006187439,22
pinggu_aq#24,23.5236968994,36.2064781189,22
pinggu_aq#25,23.5402030945,36.2110977173,22
pinggu_aq#26,23.5533027649,36.2147407532,22
pinggu_aq#27,23.5637111664,36.2176322937,22
pinggu_aq#28,23.5719814301,36.2199134827,22
pinggu_aq#29,23.5785617828,36.2217216492,22
pinggu_aq#30,23.5837917328,36.2231521606,22
pinggu_aq#31,23.5879497528,36.2242889404,22
pinggu_aq#32,23.5912570953,36.2251930237,22
pinggu_aq#33,23.5938892365,36.2259025574,22
pinggu_aq#34,23.5959796906,36.2264671326,22
pinggu_aq#35,23.5976371765,36.2269172668,22
pinggu_aq#36,23.5989570618,36.227268219,22
pinggu_aq#37,23.6000022888,36.2275505066,22
pinggu_aq#38,23.6008262634,36.227771759,22
pinggu_aq#39,23.601480484,36.2279434204,22
pinggu_aq#40,23.6019935608,36.2280769348,22
pinggu_aq#41,23.6024017334,36.2281837463,22
pinggu_aq#42,23.602722168,36.2282714844,22
pinggu_aq#43,23.6029701233,36.2283363342,22
pinggu_aq#44,23.6031608582,36.2283859253,22
pinggu_aq#45,23.6033096313,36.2284240723,22
pinggu_aq#46,23.6034240723,36.2284507751,22
pinggu_aq#47,23.6035060883,36.2284736633,22
huairou_aq#0,2.8759691715,33.2991065979,22
huairou_aq#1,2.445346117,32.915687561,22
huairou_aq#2,1.7845747471,32.1337814331,21
huairou_aq#3,1.6997592449,32.1545639038,21
huairou_aq#4,1.744597435,32.295753479,21
huairou_aq#5,1.8186311722,32.4646148682,21
huairou_aq#6,1.9040927887,32.6235351563,21
huairou_aq#7,1.9944579601,32.7581062317,21
huairou_aq#8,2.1312198639,32.8541221619,21
huairou_aq#9,2.9664375782,32.7687950134,21
huairou_aq#10,4.7526493073,32.7000427246,20
huairou_aq#11,5.829823494,32.8926544189,19
huairou_aq#12,6.2772550583,33.0746421814,19
huairou_aq#13,6.5335946083,33.2196769714,19
huairou_aq#14,6.7261362076,33.3346176147,20
huairou_aq#15,6.8816261292,33.4257659912,20
huairou_aq#16,7.0076885223,33.4981307983,20
huairou_aq#17,7.1089191437,33.5556297302,20
huairou_aq#18,7.189491272,33.6013221741,20
huairou_aq#19,7.2532639503,33.6376495361,20
huairou_aq#20,7.3036003113,33.666519165,20
huairou_aq#21,7.3432917595,33.6894683838,20
huairou_aq#22,7.3745956421,33.7077255249,20
huairou_aq#23,7.399310112,33.7222518921,20
huairou_aq#24,7.418838501,33.7338104248,20
huairou_aq#25,7.4342861176,33.7430229187,20
huairou_aq#26,7.4465227127,33.7503585815,20
huairou_aq#27,7.4562225342,33.7562065125,20
huairou_aq#28,7.4639167786,33.7608680725,20
huairou_aq#29,7.4700250626,33.7645797729,20
huairou_aq#30,7.4748744965,33.7675361633,20
huairou_aq#31,7.4787302017,33.7698974609,20
huairou_aq#32,7.4817914963,33.7717781067,20
huairou_aq#33,7.4842233658,33.7732772827,20
huairou_aq#34,7.4861555099,33.7744598389,20
huairou_aq#35,7.4876880646,33.7754096985,20
huairou_aq#36,7.488904953,33.7761573792,20
huairou_aq#37,7.4898695946,33.7767562866,20
huairou_aq#38,7.4906330109,33.7772331238,20
huairou_aq#39,7.4912362099,33.7776069641,20
huairou_aq#40,7.4917116165,33.7779006958,20
huairou_aq#41,7.4920859337,33.778137207,20
huairou_aq#42,7.4923782349,33.7783164978,20
huairou_aq#43,7.4926071167,33.7784614563,20
huairou_aq#44,7.4927854538,33.7785720825,20
huairou_aq#45,7.4929208755,33.7786598206,20
huairou_aq#46,7.4930262566,33.7787208557,20
huairou_aq#47,7.4931058884,33.7787704468,20
miyun_aq#0,29.8842163086,24.9191474915,17
miyun_aq#1,31.2046985626,26.9192371368,18
miyun_aq#2,31.2543449402,27.5825824738,19
miyun_aq#3,31.4862670898,27.7145805359,19
miyun_aq#4,31.71925354,27.752155304,20
miyun_aq#5,31.8979129791,27.7721328735,19
miyun_aq#6,32.0329246521,27.7924518585,19
miyun_aq#7,32.1290855408,27.8163795471,19
miyun_aq#8,32.1295394897,27.8964309692,19
miyun_aq#9,31.1810207367,28.8067264557,20
miyun_aq#10,29.2036895752,30.8679275513,22
miyun_aq#11,28.3346824646,32.0321235657,23
miyun_aq#12,28.1586952209,32.4034080505,23
miyun_aq#13,28.1326656342,32.548538208,23
miyun_aq#14,28.1293315887,32.6312332153,23
miyun_aq#15,28.1272678375,32.6894416809,23
miyun_aq#16,28.1245880127,32.7336120605,23
miyun_aq#17,28.1220321655,32.7678604126,23
miyun_aq#18,28.1200714111,32.7945671082,23
miyun_aq#19,28.1187915802,32.8154029846,23
miyun_aq#20,28.1180686951,32.8316993713,23
miyun_aq#21,28.1177558899,32.8444519043,23
miyun_aq#22,28.1177043915,32.8544502258,23
miyun_aq#23,28.1178150177,32.8623008728,22
miyun_aq#24,28.1180114746,32.8684768677,22
miyun_aq#25,28.1182403564,32.8733520508,22
miyun_aq#26,28.118478775,32.8771934509,22
miyun_aq#27,28.1187076569,32.88022995,22
miyun_aq#28,28.1189117432,32.8826446533,22
miyun_aq#29,28.1190910339,32.8845481873,22
miyun_aq#30,28.1192512512,32.8860626221,22
miyun_aq#31,28.1193809509,32.8872642517,22
miyun_aq#32,28.1194896698,32.888217926,22
miyun_aq#33,28.1195735931,32.8889732361,22
miyun_aq#34,28.119644165,32.8895721436,22
miyun_aq#35,28.1196994781,32.8900527954,22
miyun_aq#36,28.1197395325,32.8904266357,22
miyun_aq#37,28.1197738647,32.8907279968,22
miyun_aq#38,28.1197967529,32.8909606934,22
miyun_aq#39,28.1198158264,32.8911552429,22
miyun_aq#40,28.1198234558,32.8913002014,22
miyun_aq#41,28.1198310852,32.891418457,22
miyun_aq#42,28.1198348999,32.8915061951,22
miyun_aq#43,28.1198348999,32.891582489,22
miyun_aq#44,28.1198348999,32.8916435242,22
miyun_aq#45,28.1198272705,32.8916778564,22
miyun_aq#46,28.1198272705,32.8917121887,22
miyun_aq#47,28.1198196411,32.8917350769,22
yanqin_aq#0,34.8161773682,42.1372108459,33
yanqin_aq#1,33.9456443787,41.3174934387,36
yanqin_aq#2,34.2107048035,39.7775421143,38
yanqin_aq#3,34.1126937866,39.4099960327,38
yanqin_aq#4,33.9921607971,39.202671051,38
yanqin_aq#5,33.9117240906,39.0215797424,38
yanqin_aq#6,33.8741760254,38.8714942932,38
yanqin_aq#7,33.8742446899,38.7601585388,38
yanqin_aq#8,33.8547096252,38.6716957092,38
yanqin_aq#9,33.1735649109,38.3806037903,38
yanqin_aq#10,32.4476699829,37.7185020447,37
yanqin_aq#11,32.6385726929,37.2662239075,37
yanqin_aq#12,32.8228645325,37.0817527771,37
yanqin_aq#13,32.9882240295,37.0041923523,37
yanqin_aq#14,33.1473655701,36.9713745117,37
yanqin_aq#15,33.2921905518,36.9588851929,37
yanqin_aq#16,33.4166412354,36.9551696777,37
yanqin_aq#17,33.5194244385,36.9547691345,37
yanqin_aq#18,33.6022987366,36.955329895,37
yanqin_aq#19,33.6682090759,36.9559593201,37
yanqin_aq#20,33.7202911377,36.9563827515,37
yanqin_aq#21,33.7613143921,36.9565925598,37
yanqin_aq#22,33.7936096191,36.9566268921,37
yanqin_aq#23,33.8190422058,36.9565429688,37
yanqin_aq#24,33.8390922546,36.9563941956,37
yanqin_aq#25,33.8549118042,36.9562187195,37
yanqin_aq#26,33.8674240112,36.956035614,37
yanqin_aq#27,33.8773193359,36.9558563232,37
yanqin_aq#28,33.8851585388,36.9556922913,37
yanqin_aq#29,33.891368866,36.9555473328,37
yanqin_aq#30,33.8963012695,36.9554252625,37
yanqin_aq#31,33.9002113342,36.9553184509,37
yanqin_aq#32,33.9033203125,36.9552268982,37
yanqin_aq#33,33.9057884216,36.9551544189,37
yanqin_aq#34,33.907749176,36.9550933838,37
yanqin_aq#35,33.9093093872,36.9550437927,37
yanqin_aq#36,33.9105415344,36.9550056458,37
yanqin_aq#37,33.9115219116,36.9549751282,37
yanqin_aq#38,33.9123001099,36.9549484253,37
yanqin_aq#39,33.9129180908,36.9549293518,37
yanqin_aq#40,33.9134025574,36.954914093,37
yanqin_aq#41,33.9137878418,36.9549026489,37
yanqin_aq#42,33.9140892029,36.9548950195,37
yanqin_aq#43,33.9143257141,36.9548873901,37
yanqin_aq#44,33.9145126343,36.9548835754,37
yanqin_aq#45,33.9146537781,36.9548797607,37
yanqin_aq#46,33.9147605896,36.9548797607,37
yanqin_aq#47,33.9148445129,36.9548797607,37
dingling_aq#0,11.8611574173,24.4789485931,29
dingling_aq#1,11.3180007935,25.5126018524,29
dingling_aq#2,10.8792953491,26.4532318115,29
dingling_aq#3,10.8942308426,26.4580535889,29
dingling_aq#4,11.0089960098,26.2820167542,29
dingling_aq#5,11.1290845871,26.0440731049,29
dingling_aq#6,11.2325401306,25.7996997833,29
dingling_aq#7,11.3118867874,25.5738296509,29
dingling_aq#8,11.4295530319,25.4004459381,28
dingling_aq#9,12.4112892151,25.6896209717,28
dingling_aq#10,13.9139442444,26.6541423798,25
dingling_aq#11,14.3474369049,27.0840873718,23
dingling_aq#12,14.4802780151,26.9686279297,23
dingling_aq#13,14.5402908325,26.7116909027,23
dingling_aq#14,14.5705356598,26.4509029388,23
dingling_aq#15,14.5862979889,26.220872879,22
dingling_aq#16,14.5950250626,26.028295517,22
dingling_aq#17,14.6003856659,25.8711967468,22
dingling_aq#18,14.60409832,25.7448539734,22
dingling_aq#19,14.6069202423,25.6440181732,22
dingling_aq#20,14.6091909409,25.5638637543,22
dingling_aq#21,14.6110610962,25.5002593994,22
dingling_aq#22,14.6126146317,25.449804306,22
dingling_aq#23,14.6139030457,25.4097862244,22
dingling_aq#24,14.6149730682,25.3780288696,22
dingling_aq#25,14.615858078,25.3527927399,22
dingling_aq#26,14.6165885925,25.3327503204,22
dingling_aq#27,14.6171884537,25.3168125153,22
dingling_aq#28,14.6176710129,25.3041343689,22
dingling_aq#29,14.6180677414,25.2940540314,22
dingling_aq#30,14.6183853149,25.2860240936,22
dingling_aq#31,14.618642807,25.2796344757,22
dingling_aq#32,14.6188468933,25.2745494843,22
dingling_aq#33,14.619011879,25.2705059052,22
dingling_aq#34,14.619146347,25.2672863007,22
dingling_aq#35,14.6192502975,25.2647304535,22
dingling_aq#36,14.6193294525,25.2626972198,22
dingling_aq#37,14.6193933487,25.2610797882,22
dingling_aq#38,14.6194448471,25.2598056793,22
dingling_aq#39,14.6194829941,25.2587871552,22
dingling_aq#40,14.6195163727,25.2579936981,22
dingling_aq#41,14.6195383072,25.2573642731,22
dingling_aq#42,14.6195573807,25.2568683624,22
dingling_aq#43,14.6195707321,25.2564792633,22
dingling_aq#44,14.6195802689,25.2561855316,22
dingling_aq#45,14.6195878983,25.2559490204,22
dingling_aq#46,14.619591713,25.2557735443,22
dingling_aq#47,14.619591713,25.2556362152,22
badaling_aq#0,23.2553291321,44.5568809509,17
badaling_aq#1,21.8485298157,44.3054924011,18
badaling_aq#2,22.0687618256,44.6885490417,18
badaling_aq#3,22.0116844177,44.6122131348,18
badaling_aq#4,21.9193286896,44.4649505615,18
badaling_aq#5,21.8209190369,44.2977638245,18
badaling_aq#6,21.7304344177,44.1339874268,18
badaling_aq#7,21.6557807922,43.985660553,18
badaling_aq#8,21.6429252625,43.8662910461,18
badaling_aq#9,22.2782058716,43.9271087646,18
badaling_aq#10,23.2585964203,44.221370697,16
badaling_aq#11,23.4175872803,44.2980041504,15
badaling_aq#12,23.3741321564,44.1673240662,15
badaling_aq#13,23.3093643188,43.9904937744,15
badaling_aq#14,23.2518424988,43.8237876892,15
badaling_aq#15,23.2050323486,43.6803588867,15
badaling_aq#16,23.1676177979,43.5616073608,15
badaling_aq#17,23.1377944946,43.4652633667,15
badaling_aq#18,23.114030838,43.3879776001,15
badaling_aq#19,23.0950775146,43.3263664246,15
badaling_aq#20,23.0799751282,43.2774124146,15
badaling_aq#21,23.0679283142,43.2385559082,15
badaling_aq#22,23.0583229065,43.2077407837,15
badaling_aq#23,23.0506572723,43.1832847595,15
badaling_aq#24,23.0445423126,43.1638679504,15
badaling_aq#25,23.0396652222,43.1484375,15
badaling_aq#26,23.0357704163,43.136177063,15
badaling_aq#27,23.0326633453,43.1264266968,15
badaling_aq#28,23.0301837921,43.1186676025,15
badaling_aq#29,23.0282039642,43.1124954224,15
badaling_aq#30,23.0266284943,43.1075820923,15
badaling_aq#31,23.0253677368,43.1036682129,15
badaling_aq#32,23.0243682861,43.1005477905,15
badaling_aq#33,23.0235691071,43.0980758667,15
badaling_aq#34,23.02293396,43.0961036682,15
badaling_aq#35,23.0224285126,43.0945358276,15
badaling_aq#36,23.022026062,43.0932884216,15
badaling_aq#37,23.0217151642,43.0922966003,15
badaling_aq#38,23.0214653015,43.0915145874,15
badaling_aq#39,23.0212688446,43.0908966064,15
badaling_aq#40,23.0211162567,43.0904083252,15
badaling_aq#41,23.0209903717,43.0900268555,15
badaling_aq#42,23.0209026337,43.0897254944,15
badaling_aq#43,23.0208301544,43.0894851685,15
badaling_aq#44,23.020772934,43.0893058777,15
badaling_aq#45,23.0207290649,43.0891609192,15
badaling_aq#46,23.02069664,43.0890579224,15
badaling_aq#47,23.0206756592,43.088973999,15
miyunshuiku_aq#0,24.5699195862,28.9807052612,25
miyunshuiku_aq#1,24.204328537,30.0083503723,26
miyunshuiku_aq#2,23.8118476868,30.1017799377,27
miyunshuiku_aq#3,23.8194770813,30.1506404877,28
miyunshuiku_aq#4,23.9512519836,30.1866340637,28
miyunshuiku_aq#5,24.1152267456,30.1993999481,28
miyunshuiku_aq#6,24.2724761963,30.2109012604,28
miyunshuiku_aq#7,24.4081420898,30.2336158752,28
miyunshuiku_aq#8,24.5256500244,30.2565784454,28
miyunshuiku_aq#9,24.6749019623,30.0762062073,28
miyunshuiku_aq#10,24.5623664856,29.3783302307,28
miyunshuiku_aq#11,24.3747425079,28.8915634155,28
miyunshuiku_aq#12,24.432598114,28.8090133667,28
miyunshuiku_aq#13,24.5540428162,28.8547210693,28
miyunshuiku_aq#14,24.6712379456,28.9316158295,28
miyunshuiku_aq#15,24.770860672,29.0101509094,28
miyunshuiku_aq#16,24.8524417877,29.0802135468,28
miyunshuiku_aq#17,24.9182701111,29.1390304565,28
miyunshuiku_aq#18,24.9710044861,29.1868991852,28
miyunshuiku_aq#19,25.0130825043,29.2252235413,28
miyunshuiku_aq#20,25.0465927124,29.2556552887,28
miyunshuiku_aq#21,25.0732574463,29.2797222137,28
miyunshuiku_aq#22,25.0944747925,29.298740387,28
miyunshuiku_aq#23,25.1113567352,29.3137569427,28
miyunshuiku_aq#24,25.1247882843,29.3256263733,28
miyunshuiku_aq#25,25.1354827881,29.3350162506,28
miyunshuiku_aq#26,25.1440010071,29.3424491882,28
miyunshuiku_aq#27,25.1507854462,29.3483448029,28
miyunshuiku_aq#28,25.1561908722,29.353017807,28
miyunshuiku_aq#29,25.1605033875,29.3567276001,28
miyunshuiku_aq#30,25.1639328003,29.3596725464,28
miyunshuiku_aq#31,25.1666622162,29.3620147705,28
miyunshuiku_aq#32,25.168838501,29.3638687134,28
miyunshuiku_aq#33,25.1705703735,29.3653488159,28
miyunshuiku_aq#34,25.1719474792,29.3665237427,28
miyunshuiku_aq#35,25.1730422974,29.3674545288,28
miyunshuiku_aq#36,25.1739082336,29.3681945801,28
miyunshuiku_aq#37,25.1745986938,29.3687782288,28
miyunshuiku_aq#38,25.1751403809,29.3692436218,28
miyunshuiku_aq#39,25.1755714417,29.3696117401,28
miyunshuiku_aq#40,25.175907135,29.3699016571,28
miyunshuiku_aq#41,25.1761741638,29.3701305389,28
miyunshuiku_aq#42,25.1763839722,29.3703136444,28
miyunshuiku_aq#43,25.1765441895,29.3704509735,28
miyunshuiku_aq#44,25.1766662598,29.3705596924,28
miyunshuiku_aq#45,25.1767616272,29.3706474304,28
miyunshuiku_aq#46,25.1768302917,29.3707122803,28
miyunshuiku_aq#47,25.1768836975,29.3707580566,28
donggaocun_aq#0,28.4161338806,34.5117530823,17
donggaocun_aq#1,28.2424182892,33.6851425171,18
donggaocun_aq#2,28.2875957489,34.4536781311,18
donggaocun_aq#3,28.3259525299,34.459274292,18
donggaocun_aq#4,28.4033718109,34.4209518433,18
donggaocun_aq#5,28.4933071136,34.3833427429,18
donggaocun_aq#6,28.5725097656,34.3482170105,18
donggaocun_aq#7,28.631061554,34.319065094,18
donggaocun_aq#8,28.6890983582,34.3138542175,17
donggaocun_aq#9,28.9915390015,34.5348930359,16
donggaocun_aq#10,29.186258316,34.6295661926,15
donggaocun_aq#11,29.0316295624,34.3968772888,15
donggaocun_aq#12,28.9939289093,34.2898902893,15
donggaocun_aq#13,28.9916934967,34.2378120422,15
donggaocun_aq#14,28.9898986816,34.204864502,15
donggaocun_aq#15,28.985250473,34.1813049316,15
donggaocun_aq#16,28.979516983,34.1635437012,15
donggaocun_aq#17,28.9741420746,34.1498069763,15
donggaocun_aq#18,28.9696731567,34.1390647888,15
donggaocun_aq#19,28.9662055969,34.130607605,15
donggaocun_aq#20,28.9635887146,34.1239089966,15
donggaocun_aq#21,28.9616603851,34.1186027527,15
donggaocun_aq#22,28.9602489471,34.1143951416,15
donggaocun_aq#23,28.9592132568,34.1110496521,15
donggaocun_aq#24,28.9584579468,34.108379364,15
donggaocun_aq#25,28.9579029083,34.1062545776,15
donggaocun_aq#26,28.9574985504,34.1045684814,15
donggaocun_aq#27,28.957201004,34.1032218933,15
donggaocun_aq#28,28.9569797516,34.102142334,15
donggaocun_aq#29,28.9568119049,34.1012840271,15
donggaocun_aq#30,28.9566936493,34.100605011,15
donggaocun_aq#31,28.9565925598,34.1000595093,15
donggaocun_aq#32,28.9565238953,34.0996246338,15
donggaocun_aq#33,28.9564666748,34.0992736816,15
donggaocun_aq#34,28.9564208984,34.0989952087,15
donggaocun_aq#35,28.9563903809,34.0987739563,15
donggaocun_aq#36,28.9563598633,34.0985984802,15
donggaocun_aq#37,28.9563388824,34.0984611511,15
donggaocun_aq#38,28.9563236237,34.0983543396,15
donggaocun_aq#39,28.9563064575,34.0982666016,15
donggaocun_aq#40,28.9563026428,34.0981941223,15
donggaocun_aq#41,28.9562892914,34.0981407166,15
donggaocun_aq#42,28.9562759399,34.0980949402,15
donggaocun_aq#43,28.9562721252,34.0980644226,15
donggaocun_aq#44,28.9562683105,34.0980377197,15
donggaocun_aq#45,28.9562606812,34.0980148315,15
donggaocun_aq#46,28.9562549591,34.0979995728,15
donggaocun_aq#47,28.9562473297,34.0979881287,15
yongledian_aq#0,22.6548519135,51.4612503052,22
yongledian_aq#1,21.7371692657,52.2953987122,23
yongledian_aq#2,22.6067371368,53.1399536133,24
yongledian_aq#3,22.7088069916,53.3059921265,24
yongledian_aq#4,22.7449378967,53.3751296997,24
yongledian_aq#5,22.7698307037,53.4236831665,24
yongledian_aq#6,22.7872886658,53.4590835571,24
yongledian_aq#7,22.8000164032,53.4827384949,24
yongledian_aq#8,22.8703193665,53.4799766541,24
yongledian_aq#9,23.7878704071,53.1410522461,24
yongledian_aq#10,25.0599632263,51.7416038513,24
yongledian_aq#11,25.2478141785,50.5872344971,23
yongledian_aq#12,25.2608795166,50.2303543091,23
yongledian_aq#13,25.2653980255,50.1246833801,23
yongledian_aq#14,25.267616272,50.0821685791,23
yongledian_aq#15,25.2682628632,50.0588340759,23
yongledian_aq#16,25.2681541443,50.0434913635,23
yongledian_aq#17,25.2677936554,50.0325889587,23
yongledian_aq#18,25.2674026489,50.0246200562,23
yongledian_aq#19,25.2670669556,50.0187225342,23
yongledian_aq#20,25.2667999268,50.014339447,23
yongledian_aq#21,25.2665939331,50.011051178,23
yongledian_aq#22,25.2664451599,50.0085716248,23
yongledian_aq#23,25.2663345337,50.0067062378,23
yongledian_aq#24,25.2662563324,50.0052833557,24
yongledian_aq#25,25.2661972046,50.0041847229,24
yongledian_aq#26,25.2661552429,50.0033493042,24
yongledian_aq#27,25.266122818,50.002696991,24
yongledian_aq#28,25.2660999298,50.0022010803,24
yongledian_aq#29,25.266078949,50.0018081665,24
yongledian_aq#30,25.2660694122,50.0015029907,24
yongledian_aq#31,25.2660560608,50.0012626648,24
yongledian_aq#32,25.2660484314,50.0010681152,24
yongledian_aq#33,25.2660427094,50.0009231567,24
yongledian_aq#34,25.2660388947,50.0007972717,24
yongledian_aq#35,25.2660331726,50.0007095337,24
yongledian_aq#36,25.2660331726,50.0006370544,24
yongledian_aq#37,25.2660293579,50.0005683899,24
yongledian_aq#38,25.2660293579,50.0005149841,24
yongledian_aq#39,25.2660274506,50.0004844666,24
yongledian_aq#40,25.2660274506,50.000453949,24
yongledian_aq#41,25.2660255432,50.0004234314,24
yongledian_aq#42,25.2660236359,50.0004081726,24
yongledian_aq#43,25.2660255432,50.0003852844,24
yongledian_aq#44,25.2660274506,50.0003700256,24
yongledian_aq#45,25.2660274506,50.0003547668,24
yongledian_aq#46,25.2660274506,50.0003471375,24
yongledian_aq#47,25.2660293579,50.0003395081,24
yufa_aq#0,19.6925354004,46.0143127441,10
yufa_aq#1,19.2812614441,46.8288269043,12
yufa_aq#2,18.6794490814,47.597278595,13
yufa_aq#3,18.5905284882,47.5216560364,13
yufa_aq#4,18.5754642487,47.3324699402,13
yufa_aq#5,18.5419521332,47.1318283081,13
yufa_aq#6,18.5046825409,46.9418525696,13
yufa_aq#7,18.477645874,46.7714309692,13
yufa_aq#8,18.4635658264,46.5755271912,13
yufa_aq#9,18.4969673157,45.7141036987,13
yufa_aq#10,18.830078125,44.2543563843,11
yufa_aq#11,19.1860103607,43.5443115234,10
yufa_aq#12,19.3099136353,43.1732215881,10
yufa_aq#13,19.3526096344,42.9059906006,10
yufa_aq#14,19.3774318695,42.691280365,10
yufa_aq#15,19.3970870972,42.5163192749,10
yufa_aq#16,19.4134235382,42.3747177124,9
yufa_aq#17,19.4267044067,42.2611160278,9
yufa_aq#18,19.4372463226,42.1705513,9
yufa_aq#19,19.4454784393,42.0986671448,9
yufa_aq#20,19.4518604279,42.0417022705,9
yufa_aq#21,19.4567928314,41.9966011047,9
yufa_aq#22,19.460603714,41.9608840942,9
yufa_aq#23,19.4635467529,41.9325752258,9
yufa_aq#24,19.4658298492,41.9101371765,9
yufa_aq#25,19.4676036835,41.8923187256,9
yufa_aq#26,19.4689884186,41.8781661987,9
yufa_aq#27,19.4700679779,41.8669281006,9
yufa_aq#28,19.4709148407,41.8579826355,9
yufa_aq#29,19.471578598,41.8508758545,9
yufa_aq#30,19.4721050262,41.8452148438,9
yufa_aq#31,19.4725170135,41.8407096863,9
yufa_aq#32,19.4728374481,41.8371315002,9
yufa_aq#33,19.4731006622,41.8342857361,9
yufa_aq#34,19.4732990265,41.8320198059,9
yufa_aq#35,19.4734592438,41.8302154541,9
yufa_aq#36,19.4735851288,41.828792572,9
yufa_aq#37,19.4736843109,41.8276596069,9
yufa_aq#38,19.4737644196,41.8267631531,9
yufa_aq#39,19.4738292694,41.8260536194,9
yufa_aq#40,19.4738788605,41.8254890442,9
yufa_aq#41,19.4739170074,41.825050354,9
yufa_aq#42,19.473947525,41.8247032166,9
yufa_aq#43,19.4739742279,41.8244285583,9
yufa_aq#44,19.4739894867,41.8242225647,9
yufa_aq#45,19.4740047455,41.8240623474,9
yufa_aq#46,19.4740123749,41.8239402771,9
yufa_aq#47,19.474023819,41.8238487244,9
liulihe_aq#0,18.9647789001,44.9932289124,31
liulihe_aq#1,19.0112133026,45.568523407,32
liulihe_aq#2,19.2024822235,46.2950706482,32
liulihe_aq#3,19.3546276093,46.2872505188,32
liulihe_aq#4,19.4985733032,46.0982894897,32
liulihe_aq#5,19.6564865112,45.8670501709,32
liulihe_aq#6,19.8027915955,45.6254272461,32
liulihe_aq#7,19.9213676453,45.389503479,31
liulihe_aq#8,20.0022525787,45.1996650696,31
liulihe_aq#9,19.9054450989,45.4770965576,30
liulihe_aq#10,19.3852672577,45.8780403137,29
liulihe_aq#11,19.0141124725,45.5992698669,28
liulihe_aq#12,18.975353241,45.1927757263,28
liulihe_aq#13,19.024805069,44.7971343994,28
liulihe_aq#14,19.0800037384,44.4411277771,27
liulihe_aq#15,19.1263427734,44.1356315613,27
liulihe_aq#16,19.163444519,43.881980896,27
liulihe_aq#17,19.1930465698,43.6758842468,27
liulihe_aq#18,19.2167568207,43.5106201172,27
liulihe_aq#19,19.2358036041,43.3791007996,27
liulihe_aq#20,19.2511177063,43.2748222351,27
liulihe_aq#21,19.2634353638,43.1922874451,27
liulihe_aq#22,19.2733345032,43.1269683838,27
liulihe_aq#23,19.281288147,43.0752410889,27
liulihe_aq#24,19.2876739502,43.0342750549,27
liulihe_aq#25,19.2927970886,43.0017852783,26
liulihe_aq#26,19.2969036102,42.9760093689,26
liulihe_aq#27,19.300195694,42.9555435181,26
liulihe_aq#28,19.3028316498,42.9392814636,26
liulihe_aq#29,19.3049373627,42.9263572693,26
liulihe_aq#30,19.3066272736,42.9160690308,26
liulihe_aq#31,19.3079719543,42.9078941345,26
liulihe_aq#32,19.3090496063,42.9014015198,26
liulihe_aq#33,19.3099040985,42.896232605,26
liulihe_aq#34,19.3105888367,42.892124176,26
liulihe_aq#35,19.3111305237,42.8888587952,26
liulihe_aq#36,19.3115615845,42.886264801,26
liulihe_aq#37,19.3119049072,42.8842086792,26
liulihe_aq#38,19.3121757507,42.8825874329,26
liulihe_aq#39,19.3123931885,42.8813018799,26
liulihe_aq#40,19.3125572205,42.880279541,26
liulihe_aq#41,19.3126907349,42.879486084,26
liulihe_aq#42,19.3127937317,42.8788604736,26
liulihe_aq#43,19.3128700256,42.8783721924,26
liulihe_aq#44,19.3129348755,42.8779945374,26
liulihe_aq#45,19.3129844666,42.8777046204,26
liulihe_aq#46,19.3130149841,42.8774833679,26
liulihe_aq#47,19.3130455017,42.8773155212,26
qianmen_aq#0,39.1300849915,18.178855896,21
qianmen_aq#1,39.680393219,18.9720249176,23
qianmen_aq#2,40.2289543152,19.3158817291,25
qianmen_aq#3,40.2812995911,19.4661273956,26
qianmen_aq#4,40.2532424927,19.5605316162,26
qianmen_aq#5,40.2111473083,19.6171016693,26
qianmen_aq#6,40.1678009033,19.6565055847,26
qianmen_aq#7,40.1281280518,19.6857852936,26
qianmen_aq#8,40.1310958862,19.7033157349,26
qianmen_aq#9,40.6446151733,19.6543598175,25
qianmen_aq#10,41.2844390869,19.4782924652,25
qianmen_aq#11,41.2622451782,19.3565425873,25
qianmen_aq#12,41.1857643127,19.3397693634,26
qianmen_aq#13,41.1297073364,19.3469982147,26
qianmen_aq#14,41.0865325928,19.3554191589,26
qianmen_aq#15,41.0520210266,19.3620090485,26
qianmen_aq#16,41.0243339539,19.3669624329,26
qianmen_aq#17,41.0022125244,19.3707695007,26
qianmen_aq#18,40.9845962524,19.3737869263,26
qianmen_aq#19,40.9706077576,19.3762245178,26
qianmen_aq#20,40.9595108032,19.3782215118,26
qianmen_aq#21,40.9507064819,19.3798522949,26
qianmen_aq#22,40.9437179565,19.3811893463,26
qianmen_aq#23,40.9381637573,19.3822803497,26
qianmen_aq#24,40.9337539673,19.3831729889,26
qianmen_aq#25,40.9302406311,19.383895874,26
qianmen_aq#26,40.9274520874,19.3844833374,26
qianmen_aq#27,40.9252357483,19.3849620819,26
qianmen_aq#28,40.9234695435,19.385345459,26
qianmen_aq#29,40.9220619202,19.3856525421,26
qianmen_aq#30,40.9209442139,19.3859043121,26
qianmen_aq#31,40.9200553894,19.3861026764,26
qianmen_aq#32,40.9193382263,19.3862609863,26
qianmen_aq#33,40.9187698364,19.3863887787,26
qianmen_aq#34,40.9183273315,19.3864879608,26
qianmen_aq#35,40.9179611206,19.3865699768,26
qianmen_aq#36,40.9176826477,19.3866329193,26
qianmen_aq#37,40.9174537659,19.3866863251,26
qianmen_aq#38,40.9172782898,19.386724472,26
qianmen_aq#39,40.9171295166,19.3867549896,26
qianmen_aq#40,40.9170150757,19.3867778778,26
qianmen_aq#41,40.9169273376,19.3867969513,26
qianmen_aq#42,40.9168548584,19.3868103027,26
qianmen_aq#43,40.916809082,19.3868198395,26
qianmen_aq#44,40.9167671204,19.3868293762,26
qianmen_aq#45,40.9167289734,19.3868312836,26
qianmen_aq#46,40.9167098999,19.3868350983,26
qianmen_aq#47,40.9166908264,19.3868350983,26
yongdingmennei_aq#0,29.3473701477,3.1370637417,21
yongdingmennei_aq#1,27.3045120239,2.6732847691,22
yongdingmennei_aq#2,27.1721858978,1.41456604,24
yongdingmennei_aq#3,27.0541343689,1.2436482906,24
yongdingmennei_aq#4,27.043554306,1.1695401669,24
yongdingmennei_aq#5,27.0746269226,1.1046192646,24
yongdingmennei_aq#6,27.1164779663,1.0440421104,24
yongdingmennei_aq#7,27.1569271088,0.9875209928,24
yongdingmennei_aq#8,27.1379146576,0.9114752412,24
yongdingmennei_aq#9,26.4470596313,0.4672572911,24
yongdingmennei_aq#10,26.2685699463,0,24
yongdingmennei_aq#11,27.1371765137,0,24
yongdingmennei_aq#12,27.51329422,0,24
yongdingmennei_aq#13,27.6671485901,0,24
yongdingmennei_aq#14,27.7534999847,0,24
yongdingmennei_aq#15,27.8124504089,0,24
yongdingmennei_aq#16,27.8561592102,0,24
yongdingmennei_aq#17,27.8896179199,0,24
yongdingmennei_aq#18,27.9155826569,0,24
yongdingmennei_aq#19,27.9358406067,0,24
yongdingmennei_aq#20,27.95170784,0,24
yongdingmennei_aq#21,27.9641571045,0,24
yongdingmennei_aq#22,27.9739589691,0,24
yongdingmennei_aq#23,27.9816856384,0,24
yongdingmennei_aq#24,27.9877853394,0,24
yongdingmennei_aq#25,27.9926109314,0,24
yongdingmennei_aq#26,27.996427536,0,24
yongdingmennei_aq#27,27.9994621277,0,24
yongdingmennei_aq#28,28.0018634796,0,24
yongdingmennei_aq#29,28.0037670135,0,24
yongdingmennei_aq#30,28.0052833557,0,24
yongdingmennei_aq#31,28.0064868927,0,24
yongdingmennei_aq#32,28.0074424744,0,24
yongdingmennei_aq#33,28.0082054138,0,24
yongdingmennei_aq#34,28.0088043213,0,24
yongdingmennei_aq#35,28.0092773438,0,24
yongdingmennei_aq#36,28.0096549988,0,24
yongdingmennei_aq#37,28.0099544525,0,24
yongdingmennei_aq#38,28.0101985931,0,24
yongdingmennei_aq#39,28.0103759766,0,24
yongdingmennei_aq#40,28.0105285645,0,24
yongdingmennei_aq#41,28.0106468201,0,24
yongdingmennei_aq#42,28.0107269287,0,24
yongdingmennei_aq#43,28.0107975006,0,24
yongdingmennei_aq#44,28.010848999,0,24
yongdingmennei_aq#45,28.0108890533,0,24
yongdingmennei_aq#46,28.0109195709,0,24
yongdingmennei_aq#47,28.0109443665,0,24
xizhimenbei_aq#0,32.5554504395,26.3965854645,21
xizhimenbei_aq#1,32.2991943359,26.7071647644,20
xizhimenbei_aq#2,31.5918445587,27.7415332794,19
xizhimenbei_aq#3,31.4068431854,27.9091911316,19
xizhimenbei_aq#4,31.3125209808,27.9985141754,19
xizhimenbei_aq#5,31.2392368317,28.0769443512,19
xizhimenbei_aq#6,31.1827831268,28.1369915009,19
xizhimenbei_aq#7,31.1409053802,28.1774749756,19
xizhimenbei_aq#8,31.0705909729,28.1741428375,19
xizhimenbei_aq#9,30.3758449554,27.7737636566,19
xizhimenbei_aq#10,28.8894119263,27.0348930359,20
xizhimenbei_aq#11,28.1172351837,26.7811355591,20
xizhimenbei_aq#12,27.883398056,26.7332725525,20
xizhimenbei_aq#13,27.806022644,26.7186336517,20
xizhimenbei_aq#14,27.775894165,26.7061767578,20
xizhimenbei_aq#15,27.7629833221,26.6932048798,20
xizhimenbei_aq#16,27.7571353912,26.6810359955,19
xizhimenbei_aq#17,27.7543144226,26.6705970764,19
xizhimenbei_aq#18,27.7528171539,26.6621189117,19
xizhimenbei_aq#19,27.7519187927,26.6554355621,19
xizhimenbei_aq#20,27.7512989044,26.6502494812,19
xizhimenbei_aq#21,27.750837326,26.6462554932,19
xizhimenbei_aq#22,27.7504558563,26.6431884766,19
xizhimenbei_aq#23,27.7501506805,26.6408233643,19
xizhimenbei_aq#24,27.7498912811,26.6390094757,19
xizhimenbei_aq#25,27.749671936,26.6376037598,19
xizhimenbei_aq#26,27.7494907379,26.6365184784,19
xizhimenbei_aq#27,27.7493400574,26.6356697083,19
xizhimenbei_aq#28,27.749212265,26.6350193024,19
xizhimenbei_aq#29,27.7491130829,26.6345043182,19
xizhimenbei_aq#30,27.7490253448,26.6340999603,19
xizhimenbei_aq#31,27.7489566803,26.6337833405,19
xizhimenbei_aq#32,27.7489013672,26.6335391998,19
xizhimenbei_aq#33,27.7488536835,26.6333465576,19
xizhimenbei_aq#34,27.7488136292,26.6331920624,19
xizhimenbei_aq#35,27.7487812042,26.6330661774,19
xizhimenbei_aq#36,27.7487545013,26.6329689026,19
xizhimenbei_aq#37,27.7487316132,26.632894516,19
xizhimenbei_aq#38,27.7487163544,26.6328334808,19
xizhimenbei_aq#39,27.7487030029,26.6327781677,19
xizhimenbei_aq#40,27.7486877441,26.6327438354,19
xizhimenbei_aq#41,27.7486801147,26.6327152252,19
xizhimenbei_aq#42,27.7486686707,26.6326904297,19
xizhimenbei_aq#43,27.748664856,26.6326713562,19
xizhimenbei_aq#44,27.7486591339,26.6326599121,19
xizhimenbei_aq#45,27.7486553192,26.6326446533,19
xizhimenbei_aq#46,27.7486553192,26.6326332092,19
xizhimenbei_aq#47,27.7486495972,26.6326293945,19
nansanhuan_aq#0,21.9361076355,18.9090213776,11
nansanhuan_aq#1,23.0320358276,18.4989242554,13
nansanhuan_aq#2,22.7574424744,18.5115699768,12
nansanhuan_aq#3,22.7380104065,18.5954360962,12
nansanhuan_aq#4,22.7783546448,18.6812286377,12
nansanhuan_aq#5,22.824306488,18.7563114166,12
nansanhuan_aq#6,22.8730716705,18.8134346008,12
nansanhuan_aq#7,22.9247436523,18.8534603119,12
nansanhuan_aq#8,22.9639110565,18.9575271606,12
nansanhuan_aq#9,22.8628845215,20.2021617889,12
nansanhuan_aq#10,23.2109069824,22.3540592194,10
nansanhuan_aq#11,23.884180069,23.1265296936,9
nansanhuan_aq#12,24.1982135773,23.3260669708,9
nansanhuan_aq#13,24.370880127,23.3771362305,9
nansanhuan_aq#14,24.4973526001,23.3841838837,9
nansanhuan_aq#15,24.5985641479,23.3768825531,9
nansanhuan_aq#16,24.6803245544,23.365644455,9
nansanhuan_aq#17,24.7458686829,23.3544654846,9
nansanhuan_aq#18,24.7979717255,23.3447170258,9
nansanhuan_aq#19,24.8391723633,23.3366966248,9
nansanhuan_aq#20,24.8716697693,23.3302764893,9
nansanhuan_aq#21,24.8972759247,23.3252029419,9
nansanhuan_aq#22,24.91746521,23.3212242126,9
nansanhuan_aq#23,24.933391571,23.3180999756,9
nansanhuan_aq#24,24.9459724426,23.3156509399,9
nansanhuan_aq#25,24.9559230804,23.3137264252,9
nansanhuan_aq#26,24.9638023376,23.3122138977,9
nansanhuan_aq#27,24.9700489044,23.3110275269,9
nansanhuan_aq#28,24.9750022888,23.3100910187,9
nansanhuan_aq#29,24.9789352417,23.3093490601,9
nansanhuan_aq#30,24.9820556641,23.3087673187,9
nansanhuan_aq#31,24.9845352173,23.3083019257,9
nansanhuan_aq#32,24.9865036011,23.3079376221,9
nansanhuan_aq#33,24.9880657196,23.307641983,9
nansanhuan_aq#34,24.9893074036,23.3074131012,9
nansanhuan_aq#35,24.9902935028,23.3072338104,9
nansanhuan_aq#36,24.9910755157,23.3070869446,9
nansanhuan_aq#37,24.9916915894,23.3069705963,9
nansanhuan_aq#38,24.9921836853,23.3068790436,9
nansanhuan_aq#39,24.9925708771,23.3068065643,9
nansanhuan_aq#40,24.9928703308,23.3067493439,9
nansanhuan_aq#41,24.9931106567,23.3067035675,9
nansanhuan_aq#42,24.9932975769,23.3066654205,9
nansanhuan_aq#43,24.9934406281,23.306634903,9
nansanhuan_aq#44,24.9935531616,23.3066101074,9
nansanhuan_aq#45,24.993642807,23.306596756,9
nansanhuan_aq#46,24.9937057495,23.3065757751,9
nansanhuan_aq#47,24.9937534332,23.3065662384,9
dongsihuan_aq#0,32.540435791,36.5833473206,27
dongsihuan_aq#1,34.4944534302,36.3442993164,28
dongsihuan_aq#2,35.7754707336,36.5834197998,29
dongsihuan_aq#3,36.1179428101,36.6015968323,29
dongsihuan_aq#4,36.3157310486,36.6234436035,29
dongsihuan_aq#5,36.4832992554,36.6645851135,29
dongsihuan_aq#6,36.6342849731,36.7112617493,28
dongsihuan_aq#7,36.7715377808,36.7562408447,28
dongsihuan_aq#8,36.9436149597,36.8167800903,28
dongsihuan_aq#9,37.8008232117,37.2061195374,28
dongsihuan_aq#10,39.2018966675,38.2910308838,27
dongsihuan_aq#11,39.8114128113,39.0762138367,27
dongsihuan_aq#12,40.1196861267,39.3612976074,27
dongsihuan_aq#13,40.346698761,39.4888458252,27
dongsihuan_aq#14,40.5330924988,39.5686836243,27
dongsihuan_aq#15,40.6871109009,39.6272010803,26
dongsihuan_aq#16,40.8127098083,39.6723709106,26
dongsihuan_aq#17,40.9138526917,39.7077217102,26
dongsihuan_aq#18,40.9945869446,39.7355003357,26
dongsihuan_aq#19,41.0586853027,39.7573280334,26
dongsihuan_aq#20,41.1094589233,39.7744903564,26
dongsihuan_aq#21,41.1496353149,39.7880134583,26
dongsihuan_aq#22,41.1814346313,39.7986526489,25
dongsihuan_aq#23,41.206615448,39.8070678711,25
dongsihuan_aq#24,41.2265625,39.8137168884,25
dongsihuan_aq#25,41.242389679,39.8189888,25
dongsihuan_aq#26,41.2549476624,39.8231544495,25
dongsihuan_aq#27,41.2649269104,39.8264694214,25
dongsihuan_aq#28,41.2728538513,39.8290939331,25
dongsihuan_aq#29,41.2791633606,39.8311767578,25
dongsihuan_aq#30,41.2841720581,39.8328437805,25
dongsihuan_aq#31,41.2881584167,39.8341560364,25
dongsihuan_aq#32,41.2913322449,39.8352088928,25
dongsihuan_aq#33,41.2938499451,39.8360519409,25
dongsihuan_aq#34,41.2958602905,39.8367118835,25
dongsihuan_aq#35,41.2974472046,39.8372383118,25
dongsihuan_aq#36,41.2987136841,39.8376541138,25
dongsihuan_aq#37,41.2997207642,39.8379936218,25
dongsihuan_aq#38,41.3005218506,39.8382606506,25
dongsihuan_aq#39,41.3011436462,39.838470459,25
dongsihuan_aq#40,41.3016395569,39.838634491,25
dongsihuan_aq#41,41.3020324707,39.8387756348,25
dongsihuan_aq#42,41.3023376465,39.8388824463,25
dongsihuan_aq#43,41.3025779724,39.8389625549,25
dongsihuan_aq#44,41.3027648926,39.8390274048,25
dongsihuan_aq#45,41.3029098511,39.8390769958,25
dongsihuan_aq#46,41.3030166626,39.8391227722,25
dongsihuan_aq#47,41.3030967712,39.8391494751,25
CD1#0,12.6182136536,12.401342392,0
CD1#1,11.5738286972,13.0147447586,0
CD1#2,11.2227811813,13.8157339096,0
CD1#3,11.3771305084,14.5024690628,0
CD1#4,11.774969101,15.1175365448,0
CD1#5,12.3478345871,15.7874336243,0
CD1#6,12.9547348022,16.4344902039,0
CD1#7,13.5243663788,16.9961509705,0
CD1#8,14.0343017578,17.4616527557,0
CD1#9,14.4994497299,17.8521270752,0
CD1#10,14.9431476593,18.1938915253,0
CD1#11,15.3811168671,18.5053386688,0
CD1#12,15.8197431564,18.7965774536,0
CD1#13,16.2587680817,19.0722846985,0
CD1#14,16.6970214844,19.3341369629,0
CD1#15,17.1350059509,19.583688736,0
CD1#16,17.5708503723,19.8225364685,0
CD1#17,18.0008506775,20.0502223969,0
CD1#18,18.4205474854,20.2651462555,0
CD1#19,18.8256835938,20.4662017822,0
CD1#20,19.2127761841,20.65325737,0
CD1#21,19.5793075562,20.8267440796,0
CD1#22,19.9236354828,20.9872360229,0
CD1#23,20.2449684143,21.1352329254,0
CD1#24,20.5432186127,21.2711677551,0
CD1#25,20.8188781738,21.3954925537,0
CD1#26,21.07289505,21.5087356567,0
CD1#27,21.3065414429,21.6115150452,0
CD1#28,21.5212860107,21.7045955658,0
CD1#29,21.7186889648,21.7887821198,0
CD1#30,21.900346756,21.8649158478,0
CD1#31,22.0677852631,21.933801651,0
CD1#32,22.22240448,21.9961624146,0
CD1#33,22.3654689789,22.0526390076,0
CD1#34,22.4980278015,22.1037597656,0
CD1#35,22.6210021973,22.1500015259,0
CD1#36,22.7351436615,22.1917762756,0
CD1#37,22.8411121368,22.2294521332,0
CD1#38,22.9394569397,22.2633953094,0
CD1#39,23.0306892395,22.2939453125,0
CD1#40,23.1152667999,22.3214225769,0
CD1#41,23.1936283112,22.3461456299,0
CD1#42,23.2661495209,22.3683891296,0
CD1#43,23.3332481384,22.3884353638,0
CD1#44,23.3952713013,22.4065189362,0
CD1#45,23.4525794983,22.4228591919,0
CD1#46,23.5054950714,22.4376621246,0
CD1#47,23.5543403625,22.4510860443,0
BL0#0,11.4387254715,15.0548973083,0
BL0#1,10.767080307,14.76516819,0
BL0#2,10.4508123398,15.0040168762,0
BL0#3,10.5243453979,15.3655395508,0
BL0#4,10.7370529175,15.7872304916,0
BL0#5,10.9483423233,16.2731513977,0
BL0#6,11.1237001419,16.7564373016,0
BL0#7,11.2794065475,17.2306251526,0
BL0#8,11.4534502029,17.6902809143,0
BL0#9,11.6560173035,18.1353530884,0
BL0#10,11.8822040558,18.5713214874,0
BL0#11,12.1229009628,19.0038604736,0
BL0#12,12.3699760437,19.4351730347,0
BL0#13,12.6151857376,19.8639526367,0
BL0#14,12.8543567657,20.2896671295,0
BL0#15,13.0903625488,20.7143821716,0
BL0#16,13.3237495422,21.1376304626,0
BL0#17,13.5528249741,21.5565280914,0
BL0#18,13.7748126984,21.9669876099,0
BL0#19,13.9868841171,22.3650760651,0
BL0#20,14.1869249344,22.7477245331,0
BL0#21,14.3737754822,23.1128349304,0
BL0#22,14.547082901,23.4590911865,0
BL0#23,14.7070770264,23.7857608795,0
BL0#24,14.8543376923,24.0925540924,0
BL0#25,14.9896640778,24.3795661926,0
BL0#26,15.1139688492,24.6471862793,0
BL0#27,15.2282485962,24.8960819244,0
BL0#28,15.3335132599,25.1271247864,0
BL0#29,15.4307584763,25.3413314819,0
BL0#30,15.5208768845,25.5397720337,0
BL0#31,15.6046657562,25.7234916687,0
BL0#32,15.6827735901,25.8934402466,0
BL0#33,15.7557153702,26.0504703522,0
BL0#34,15.8238964081,26.1952991486,0
BL0#35,15.8876285553,26.3286094666,0
BL0#36,15.9471788406,26.4510154724,0
BL0#37,16.0027656555,26.5631332397,0
BL0#38,16.0546092987,26.6656017303,0
BL0#39,16.1029071808,26.7590427399,0
BL0#40,16.1478538513,26.8441104889,0
BL0#41,16.1896457672,26.9214363098,0
BL0#42,16.2284698486,26.991651535,0
BL0#43,16.2645072937,27.0553588867,0
BL0#44,16.2979373932,27.1131324768,0
BL0#45,16.3289413452,27.1655101776,0
BL0#46,16.3576698303,27.2129974365,0
BL0#47,16.3842773438,27.2560520172,0
GR4#0,5.6415171623,14.8224544525,0
GR4#1,6.1892642975,14.9208555222,0
GR4#2,6.868540287,14.8633480072,0
GR4#3,7.4399056435,14.9772748947,0
GR4#4,7.8232192993,15.1874637604,0
GR4#5,8.1950006485,15.4519605637,0
GR4#6,8.5880880356,15.7194108963,0
GR4#7,8.9706077576,15.9802761078,0
GR4#8,9.3336877823,16.2291030884,0
GR4#9,9.6752662659,16.4561252594,0
GR4#10,9.9967355728,16.6522388458,0
GR4#11,10.3001804352,16.8167724609,0
GR4#12,10.5871629715,16.9546985626,0
GR4#13,10.8574581146,17.0721817017,0
GR4#14,11.1137466431,17.1757144928,0
GR4#15,11.3643655777,17.2719192505,0
GR4#16,11.6137599945,17.3655586243,0
GR4#17,11.862080574,17.4596920013,0
GR4#18,12.1072511673,17.556268692,0
GR4#19,12.3466596603,17.6566238403,0
GR4#20,12.5782356262,17.7617340088,0
GR4#21,12.800740242,17.8721637726,0
GR4#22,13.0135765076,17.987953186,0
GR4#23,13.2165527344,18.1085681915,0
GR4#24,13.4096918106,18.2330131531,0
GR4#25,13.5931596756,18.3599834442,0
GR4#26,13.7672014236,18.4880657196,0
GR4#27,13.9321603775,18.6158981323,0
GR4#28,14.0884599686,18.7422618866,0
GR4#29,14.2365665436,18.8661403656,0
GR4#30,14.3769893646,18.9866752625,0
GR4#31,14.5102043152,19.1031894684,0
GR4#32,14.636639595,19.2150878906,0
GR4#33,14.7566232681,19.3219051361,0
GR4#34,14.8704137802,19.4232673645,0
GR4#35,14.9781894684,19.5189247131,0
GR4#36,15.0800857544,19.6087398529,0
GR4#37,15.1762132645,19.6926898956,0
GR4#38,15.2666893005,19.7708644867,0
GR4#39,15.3516340256,19.8434181213,0
GR4#40,15.4312095642,19.9105796814,0
GR4#41,15.5055818558,19.972618103,0
GR4#42,15.5749540329,20.029838562,0
GR4#43,15.639538765,20.082529068,0
GR4#44,15.6995773315,20.1310176849,0
GR4#45,15.7552928925,20.1755981445,0
GR4#46,15.8069438934,20.2165622711,0
GR4#47,15.8547706604,20.2541904449,0
MY7#0,10.3077306747,15.0833435059,0
MY7#1,9.1274251938,15.2581920624,0
MY7#2,9.2468585968,15.357049942,0
MY7#3,9.7841110229,15.9643440247,0
MY7#4,10.4773435593,16.8607559204,0
MY7#5,11.1949224472,17.8420677185,0
MY7#6,11.8517208099,18.7038383484,0
MY7#7,12.4311408997,19.4013004303,0
MY7#8,12.9401779175,19.9374008179,0
MY7#9,13.3896799088,20.3458919525,0
MY7#10,13.789891243,20.6633777618,0
MY7#11,14.1525669098,20.9173622131,0
MY7#12,14.4884691238,21.1261463165,0
MY7#13,14.8057670593,21.3021564484,0
MY7#14,15.1103076935,21.4534778595,0
MY7#15,15.4063262939,21.5847301483,0
MY7#16,15.6958808899,21.6992969513,0
MY7#17,15.9789648056,21.7990837097,0
MY7#18,16.2540798187,21.884683609,0
MY7#19,16.5194072723,21.9563846588,0
MY7#20,16.7734775543,22.0150184631,0
MY7#21,17.0154056549,22.0620326996,0
MY7#22,17.2447910309,22.0992431641,0
MY7#23,17.4616127014,22.1285266876,0
MY7#24,17.6660995483,22.1515808105,0
MY7#25,17.8586711884,22.1698474884,0
MY7#26,18.0398578644,22.1844615936,0
MY7#27,18.2102813721,22.196346283,0
MY7#28,18.3706111908,22.2061672211,0
MY7#29,18.5215244293,22.2144298553,0
MY7#30,18.6636295319,22.2214641571,0
MY7#31,18.797454834,22.2275238037,0
MY7#32,18.9234008789,22.2327384949,0
MY7#33,19.0417289734,22.2372074127,0
MY7#34,19.1526412964,22.2409915924,0
MY7#35,19.2562732697,22.2441177368,0
MY7#36,19.3527641296,22.2466335297,0
MY7#37,19.4422779083,22.2485771179,0
MY7#38,19.5250244141,22.2499980927,0
MY7#39,19.6012649536,22.2509365082,0
MY7#40,19.6713085175,22.2514514923,0
MY7#41,19.7355003357,22.2516269684,0
MY7#42,19.7942237854,22.251493454,0
MY7#43,19.8478431702,22.251121521,0
MY7#44,19.8967647552,22.2505664825,0
MY7#45,19.9413547516,22.249879837,0
MY7#46,19.9819831848,22.2490978241,0
MY7#47,20.0189933777,22.2482643127,0
HV1#0,8.8050355911,13.0177955627,0
HV1#1,8.7580041885,12.9462413788,0
HV1#2,8.8248443604,12.9549789429,0
HV1#3,8.9555912018,13.130320549,0
HV1#4,9.071144104,13.4645214081,0
HV1#5,9.1682949066,13.9428472519,0
HV1#6,9.2115087509,14.4670238495,0
HV1#7,9.2392015457,14.9795808792,0
HV1#8,9.2966108322,15.4525842667,0
HV1#9,9.3880224228,15.8871717453,0
HV1#10,9.5053682327,16.2891597748,0
HV1#11,9.6418399811,16.6664352417,0
HV1#12,9.7934541702,17.0252876282,0
HV1#13,9.955953598,17.3679847717,0
HV1#14,10.1286497116,17.6968669891,0
HV1#15,10.3157100677,18.0174503326,0
HV1#16,10.5166044235,18.3313522339,0
HV1#17,10.7284116745,18.6369094849,0
HV1#18,10.9477901459,18.9317054749,0
HV1#19,11.1716995239,19.2139720917,0
HV1#20,11.3976211548,19.4829940796,0
HV1#21,11.6233472824,19.7388706207,0
HV1#22,11.846780777,19.9819412231,0
HV1#23,12.0659351349,20.212518692,0
HV1#24,12.2790307999,20.430765152,0
HV1#25,12.4846010208,20.6366920471,0
HV1#26,12.6815643311,20.8303394318,0
HV1#27,12.8692436218,21.0117530823,0
HV1#28,13.0473308563,21.1811580658,0
HV1#29,13.2158470154,21.3388538361,0
HV1#30,13.375038147,21.485250473,0
HV1#31,13.5252838135,21.620798111,0
HV1#32,13.6669979095,21.7459354401,0
HV1#33,13.800570488,21.8610935211,0
HV1#34,13.9263477325,21.9666881561,0
HV1#35,14.0446023941,22.063129425,0
HV1#36,14.1555957794,22.1508541107,0
HV1#37,14.2595539093,22.2303123474,0
HV1#38,14.3567152023,22.3020248413,0
HV1#39,14.4473304749,22.3665122986,0
HV1#40,14.5316772461,22.4243278503,0
HV1#41,14.6100416183,22.4760322571,0
HV1#42,14.6827325821,22.5221748352,0
HV1#43,14.7500629425,22.5632858276,0
HV1#44,14.8123588562,22.5998783112,0
HV1#45,14.8699350357,22.6324214935,0
HV1#46,14.9231061935,22.6613636017,0
HV1#47,14.9721736908,22.6870918274,0
GN3#0,7.9120726585,15.3732337952,0
GN3#1,7.9253163338,15.2804822922,0
GN3#2,7.5756597519,14.7577428818,0
GN3#3,7.2303833961,14.4158067703,0
GN3#4,7.1465220451,14.3305845261,0
GN3#5,7.3481903076,14.4267606735,0
GN3#6,7.6926336288,14.6075363159,0
GN3#7,8.0667152405,14.8302841187,0
GN3#8,8.4331092834,15.0761566162,0
GN3#9,8.7856292725,15.3331632614,0
GN3#10,9.1233053207,15.5952425003,0
GN3#11,9.4460573196,15.8581142426,0
GN3#12,9.7540817261,16.1193313599,0
GN3#13,10.0467596054,16.3786087036,0
GN3#14,10.3257493973,16.635597229,0
GN3#15,10.5963153839,16.8889408112,0
GN3#16,10.8612785339,17.1385211945,0
GN3#17,11.1212673187,17.3833332062,0
GN3#18,11.3755722046,17.6212291718,0
GN3#19,11.622713089,17.8498573303,0
GN3#20,11.8610363007,18.067440033,0
GN3#21,12.0891838074,18.2730293274,0
GN3#22,12.306265831,18.4663829803,0
GN3#23,12.5119667053,18.6477527618,0
GN3#24,12.7064380646,18.8176631927,0
GN3#25,12.8902177811,18.9767932892,0
GN3#26,13.0640916824,19.1259040833,0
GN3#27,13.2289924622,19.2658042908,0
GN3#28,13.3859071732,19.3973274231,0
GN3#29,13.5357971191,19.5212688446,0
GN3#30,13.6795501709,19.6383476257,0
GN3#31,13.8178844452,19.7491359711,0
GN3#32,13.9513292313,19.8540439606,0
GN3#33,14.0801734924,19.9533443451,0
GN3#34,14.2045164108,20.047170639,0
GN3#35,14.3242912292,20.135635376,0
GN3#36,14.4393348694,20.2188186646,0
GN3#37,14.5494441986,20.2968139648,0
GN3#38,14.654425621,20.36977005,0
GN3#39,14.7541131973,20.4378509521,0
GN3#40,14.8484067917,20.5012588501,0
GN3#41,14.9372825623,20.5602207184,0
GN3#42,15.0207653046,20.6149635315,0
GN3#43,15.098941803,20.6657314301,0
GN3#44,15.1719617844,20.7127685547,0
GN3#45,15.2399930954,20.7563095093,0
GN3#46,15.3032550812,20.7965869904,0
GN3#47,15.3619651794,20.8338127136,0
GR9#0,6.4533495903,13.8142871857,0
GR9#1,5.7911095619,14.5521707535,0
GR9#2,5.627269268,15.1163988113,0
GR9#3,5.7757229805,15.387468338,0
GR9#4,6.0802412033,15.5602722168,0
GR9#5,6.4769425392,15.7721681595,0
GR9#6,6.8355174065,16.0017967224,0
GR9#7,7.1162142754,16.2169380188,0
GR9#8,7.3301844597,16.4130077362,0
GR9#9,7.5107913017,16.5972537994,0
GR9#10,7.6852173805,16.7786903381,0
GR9#11,7.8660097122,16.9621543884,0
GR9#12,8.0567874908,17.1488819122,0
GR9#13,8.2567834854,17.3378505707,0
GR9#14,8.4667730331,17.5278930664,0
GR9#15,8.6901340485,17.7189159393,0
GR9#16,8.9257411957,17.9102554321,0
GR9#17,9.1707983017,18.0998516083,0
GR9#18,9.4220304489,18.2851371765,0
GR9#19,9.6760129929,18.4637756348,0
GR9#20,9.9295749664,18.6339874268,0
GR9#21,10.1800117493,18.7945175171,0
GR9#22,10.4250888824,18.9446182251,0
GR9#23,10.6629552841,19.0839691162,0
GR9#24,10.8921136856,19.2126483917,0
GR9#25,11.1113939285,19.3310146332,0
GR9#26,11.3199586868,19.4396381378,0
GR9#27,11.5173053741,19.5392208099,0
GR9#28,11.7032556534,19.6305236816,0
GR9#29,11.8779153824,19.7143421173,0
GR9#30,12.0416355133,19.7914543152,0
GR9#31,12.1949224472,19.8625907898,0
GR9#32,12.3383703232,19.9284172058,0
GR9#33,12.4725856781,19.9895191193,0
GR9#34,12.5981378555,20.0463924408,0
GR9#35,12.7155380249,20.0994338989,0
GR9#36,12.8252363205,20.1489772797,0
GR9#37,12.9276313782,20.1952877045,0
GR9#38,13.0230894089,20.2385940552,0
GR9#39,13.1119585037,20.2790756226,0
GR9#40,13.1945667267,20.3169136047,0
GR9#41,13.2712535858,20.3522548676,0
GR9#42,13.342338562,20.3852367401,0
GR9#43,13.4081516266,20.4160022736,0
GR9#44,13.4690141678,20.4446697235,0
GR9#45,13.5252370834,20.4713630676,0
GR9#46,13.5771350861,20.4962043762,0
GR9#47,13.6249990463,20.5192871094,0
LW2#0,10.9504184723,17.4573116302,0
LW2#1,9.8957290649,16.4838905334,0
LW2#2,9.3631315231,15.8237571716,0
LW2#3,9.3483972549,15.5875453949,0
LW2#4,9.7034053802,15.8764095306,0
LW2#5,10.3087043762,16.4838123322,0
LW2#6,10.9813909531,17.1356182098,0
LW2#7,11.6355886459,17.7461662292,0
LW2#8,12.2379798889,18.3002891541,0
LW2#9,12.7915086746,18.8095912933,0
LW2#10,13.3070745468,19.2848148346,0
LW2#11,13.7931623459,19.7334690094,0
LW2#12,14.2556180954,20.1616020203,0
LW2#13,14.6985397339,20.572807312,0
LW2#14,15.1249141693,20.9703521729,0
LW2#15,15.5370941162,21.3594818115,0
LW2#16,15.9365358353,21.7429294586,0
LW2#17,16.3229446411,22.1198577881,0
LW2#18,16.69480896,22.4875602722,0
LW2#19,17.0505199432,22.8433208466,0
LW2#20,17.3889865875,23.1850986481,0
LW2#21,17.7096672058,23.5115413666,0
LW2#22,18.0124111176,23.821767807,0
LW2#23,18.2973937988,24.1152610779,0
LW2#24,18.5650463104,24.3918743134,0
LW2#25,18.8160591125,24.6517906189,0
LW2#26,19.0512504578,24.8954715729,0
LW2#27,19.2715606689,25.1235961914,0
LW2#28,19.4779720306,25.3370132446,0
LW2#29,19.67146492,25.536649704,0
LW2#30,19.8529872894,25.7233963013,0
LW2#31,20.0233860016,25.8980808258,0
LW2#32,20.1834011078,26.061372757,0
LW2#33,20.3336105347,26.2137908936,0
LW2#34,20.4744625092,26.3557872772,0
LW2#35,20.6063175201,26.4877376556,0
LW2#36,20.7294826508,26.6100234985,0
LW2#37,20.8442440033,26.7230472565,0
LW2#38,20.9508972168,26.8272361755,0
LW2#39,21.0497741699,26.9230918884,0
LW2#40,21.1412372589,27.0110969543,0
LW2#41,21.2256698608,27.091796875,0
LW2#42,21.303478241,27.1657009125,0
LW2#43,21.3750667572,27.2333335876,0
LW2#44,21.4408721924,27.2952003479,0
LW2#45,21.5012836456,27.3517551422,0
LW2#46,21.5567092896,27.4034671783,0
LW2#47,21.6075344086,27.4507217407,0
GN0#0,9.5701847076,11.5966253281,0
GN0#1,8.8104896545,12.8422117233,0
GN0#2,8.6773462296,13.6770830154,0
GN0#3,8.7165517807,14.0663337708,0
GN0#4,8.8215618134,14.1837797165,0
GN0#5,9.0489454269,14.2255163193,0
GN0#6,9.3501987457,14.2520313263,0
GN0#7,9.6634321213,14.3221406937,0
GN0#8,9.9681558609,14.4570503235,0
GN0#9,10.2662782669,14.6427288055,0
GN0#10,10.5603237152,14.8629217148,0
GN0#11,10.852894783,15.1050052643,0
GN0#12,11.1460380554,15.3598337173,0
GN0#13,11.438996315,15.6206789017,0
GN0#14,11.7321920395,15.8829784393,0
GN0#15,12.0304851532,16.1430721283,0
GN0#16,12.3355064392,16.396490097,0
GN0#17,12.6459646225,16.6387844086,0
GN0#18,12.9588127136,16.8663139343,0
GN0#19,13.270526886,17.0768642426,0
GN0#20,13.5779476166,17.2697200775,0
GN0#21,13.87844944,17.4451732635,0
GN0#22,14.1698417664,17.6040039063,0
GN0#23,14.4503145218,17.7472267151,0
GN0#24,14.7184324265,17.8759918213,0
GN0#25,14.9731674194,17.99152565,0
GN0#26,15.2139034271,18.0951042175,0
GN0#27,15.4404325485,18.1879940033,0
GN0#28,15.6529159546,18.2714195251,0
GN0#29,15.8518028259,18.3465251923,0
GN0#30,16.0377559662,18.4143257141,0
GN0#31,16.2115306854,18.4757003784,0
GN0#32,16.3739013672,18.5313625336,0
GN0#33,16.5255889893,18.5818786621,0
GN0#34,16.6672458649,18.6276988983,0
GN0#35,16.7994441986,18.669178009,0
GN0#36,16.922700882,18.7066440582,0
GN0#37,17.0374889374,18.7403945923,0
GN0#38,17.1442775726,18.7707004547,0
GN0#39,17.2435131073,18.7978534698,0
GN0#40,17.3356304169,18.8221321106,0
GN0#41,17.4210720062,18.8438110352,0
GN0#42,17.5002574921,18.8631420135,0
GN0#43,17.5735874176,18.880399704,0
GN0#44,17.6414661407,18.8957805634,0
GN0#45,17.7042655945,18.9095134735,0
GN0#46,17.7623386383,18.9217910767,0
GN0#47,17.8160152435,18.9327659607,0
KF1#0,7.9973125458,10.380654335,0
KF1#1,8.3134708405,11.162979126,0
KF1#2,8.5386886597,11.9060659409,0
KF1#3,8.6795005798,12.5771551132,0
KF1#4,8.7724304199,13.0820350647,0
KF1#5,8.9449129105,13.4199981689,0
KF1#6,9.1831941605,13.6492242813,0
KF1#7,9.4714393616,13.8341646194,0
KF1#8,9.8056383133,14.0094146729,0
KF1#9,10.1688585281,14.1874761581,0
KF1#10,10.5463266373,14.3681688309,0
KF1#11,10.9300775528,14.5522556305,0
KF1#12,11.315618515,14.7397737503,0
KF1#13,11.6973161697,14.9295921326,0
KF1#14,12.0726690292,15.1200780869,0
KF1#15,12.4464673996,15.3092737198,0
KF1#16,12.8207015991,15.4965219498,0
KF1#17,13.1936340332,15.6817378998,0
KF1#18,13.5618963242,15.8642663956,0
KF1#19,13.9218425751,16.0426616669,0
KF1#20,14.2703914642,16.2152309418,0
KF1#21,14.6052179337,16.3805675507,0
KF1#22,14.9246025085,16.537820816,0
KF1#23,15.227312088,16.6866455078,0
KF1#24,15.5124998093,16.8271141052,0
KF1#25,15.779709816,16.9595375061,0
KF1#26,16.0288410187,17.0843715668,0
KF1#27,16.260137558,17.202091217,0
KF1#28,16.4741458893,17.3131790161,0
KF1#29,16.6716442108,17.4180793762,0
KF1#30,16.8536014557,17.517168045,0
KF1#31,17.0210971832,17.6107788086,0
KF1#32,17.1752109528,17.6991615295,0
KF1#33,17.3170146942,17.7825183868,0
KF1#34,17.447467804,17.861000061,0
KF1#35,17.5674724579,17.9347324371,0
KF1#36,17.677822113,18.003818512,0
KF1#37,17.7792472839,18.068359375,0
KF1#38,17.87241745,18.1284751892,0
KF1#39,17.9579734802,18.1843070984,0
KF1#40,18.0364971161,18.2360134125,0
KF1#41,18.108549118,18.2837734222,0
KF1#42,18.1746501923,18.3277893066,0
KF1#43,18.2352867126,18.3682632446,0
KF1#44,18.2909202576,18.4054260254,0
KF1#45,18.341960907,18.4394893646,0
KF1#46,18.3888130188,18.4706764221,0
KF1#47,18.4318199158,18.4992027283,0
CD9#0,8.6155090332,11.2525949478,0
CD9#1,8.4075555801,11.6712598801,0
CD9#2,8.9169692993,11.8890018463,0
CD9#3,9.6476097107,12.3131732941,0
CD9#4,10.1282548904,13.0068531036,0
CD9#5,10.4463329315,13.8396787643,0
CD9#6,10.702331543,14.6165704727,0
CD9#7,10.9473133087,15.2537078857,0
CD9#8,11.193977356,15.7621078491,0
CD9#9,11.4512643814,16.1700839996,0
CD9#10,11.7224235535,16.5072002411,0
CD9#11,12.0069332123,16.7981910706,0
CD9#12,12.3014431,17.0615959167,0
CD9#13,12.6015052795,17.3092021942,0
CD9#14,12.9036083221,17.5483531952,0
CD9#15,13.206199646,17.7844791412,0
CD9#16,13.5073213577,18.0201721191,0
CD9#17,13.8037424088,18.2560920715,0
CD9#18,14.0920324326,18.4914512634,0
CD9#19,14.3693332672,18.7244949341,0
CD9#20,14.6336183548,18.9531230927,0
CD9#21,14.8835792542,19.1753330231,0
CD9#22,15.1184034348,19.3893718719,0
CD9#23,15.3376617432,19.5939216614,0
CD9#24,15.5412368774,19.7880897522,0
CD9#25,15.7293043137,19.9714107513,0
CD9#26,15.9023504257,20.1438159943,0
CD9#27,16.061132431,20.3055381775,0
CD9#28,16.2066459656,20.4570617676,0
CD9#29,16.3400096893,20.5990200043,0
CD9#30,16.4623889923,20.7321071625,0
CD9#31,16.5748672485,20.8569660187,0
CD9#32,16.6783943176,20.9741344452,0
CD9#33,16.7737617493,21.0840148926,0
CD9#34,16.8616046906,21.1868915558,0
CD9#35,16.9424610138,21.2829627991,0
CD9#36,17.016784668,21.3723945618,0
CD9#37,17.0850124359,21.4553756714,0
CD9#38,17.1475505829,21.5320987701,0
CD9#39,17.2047920227,21.6028175354,0
CD9#40,17.2571334839,21.6678104401,0
CD9#41,17.3049602509,21.7274169922,0
CD9#42,17.3486404419,21.7819709778,0
CD9#43,17.3885059357,21.8318195343,0
CD9#44,17.4249019623,21.8773231506,0
CD9#45,17.4581260681,21.9188346863,0
CD9#46,17.488451004,21.9566764832,0
CD9#47,17.5161361694,21.9911651611,0
ST5#0,13.6289110184,17.753824234,0
ST5#1,11.9202680588,19.2272548676,0
ST5#2,11.066696167,20.5417881012,0
ST5#3,10.8420085907,21.4675598145,0
ST5#4,11.005408287,22.346616745,0
ST5#5,11.4188947678,23.2199630737,0
ST5#6,11.9266653061,23.9405651093,0
ST5#7,12.4342956543,24.4745521545,0
ST5#8,12.9167299271,24.8847389221,0
ST5#9,13.3681612015,25.2264385223,0
ST5#10,13.7899303436,25.5330410004,0
ST5#11,14.1842403412,25.8208465576,0
ST5#12,14.5542726517,26.0957241058,0
ST5#13,14.9034957886,26.3568534851,0
ST5#14,15.2370986938,26.6060638428,0
ST5#15,15.5618505478,26.8497562408,0
ST5#16,15.8813581467,27.0872268677,0
ST5#17,16.1963195801,27.3156471252,0
ST5#18,16.5056190491,27.5323181152,0
ST5#19,16.8075637817,27.7349433899,0
ST5#20,17.1005344391,27.9219818115,0
ST5#21,17.3831977844,28.0928096771,0
ST5#22,17.6545009613,28.2476863861,0
ST5#23,17.9137096405,28.3875694275,0
ST5#24,18.160446167,28.5139064789,0
ST5#25,18.3946743011,28.6283340454,0
ST5#26,18.6167011261,28.7325286865,0
ST5#27,18.8270874023,28.8280200958,0
ST5#28,19.0265903473,28.9161243439,0
ST5#29,19.2161006927,28.9979286194,0
ST5#30,19.3965129852,29.0742702484,0
ST5#31,19.5686340332,29.1457862854,0
ST5#32,19.7331085205,29.2129459381,0
ST5#33,19.8903770447,29.2761096954,0
ST5#34,20.0406894684,29.3355236053,0
ST5#35,20.1841621399,29.3914146423,0
ST5#36,20.32081604,29.4439640045,0
ST5#37,20.450630188,29.4933357239,0
ST5#38,20.5736083984,29.5396652222,0
ST5#39,20.6897697449,29.5831165314,0
ST5#40,20.7991924286,29.6238212585,0
ST5#41,20.9019927979,29.6619110107,0
ST5#42,20.9983482361,29.6975154877,0
ST5#43,21.0884513855,29.7307567596,0
ST5#44,21.1725597382,29.7617683411,0
ST5#45,21.250919342,29.7906646729,0
ST5#46,21.3238220215,29.817565918,0
ST5#47,21.3915500641,29.8425807953,0
TH4#0,9.3505325317,18.6080055237,0
TH4#1,8.5488395691,18.1782341003,0
TH4#2,8.0931358337,17.6952171326,0
TH4#3,8.1035232544,17.8023395538,0
TH4#4,8.5220966339,18.3862705231,0
TH4#5,9.1305007935,19.1959533691,0
TH4#6,9.7114305496,19.9904613495,0
TH4#7,10.2031583786,20.6547260284,0
TH4#8,10.6234884262,21.1913204193,0
TH4#9,11.0013113022,21.6279678345,0
TH4#10,11.3538064957,21.9926719666,0
TH4#11,11.6911125183,22.3064880371,0
TH4#12,12.0187768936,22.5837459564,0
TH4#13,12.3367347717,22.8335113525,0
TH4#14,12.6467761993,23.0616378784,0
TH4#15,12.9566545486,23.2732810974,0
TH4#16,13.2685890198,23.4726867676,0
TH4#17,13.581820488,23.6616859436,0
TH4#18,13.8944911957,23.840675354,0
TH4#19,14.2044067383,24.0099658966,0
TH4#20,14.5096263885,24.1703300476,0
TH4#21,14.8086471558,24.3228683472,0
TH4#22,15.1002864838,24.4685459137,0
TH4#23,15.3835344315,24.6079788208,0
TH4#24,15.6574964523,24.7413787842,0
TH4#25,15.9213972092,24.8686962128,0
TH4#26,16.1746368408,24.9897346497,0
TH4#27,16.4168128967,25.1042804718,0
TH4#28,16.6477451324,25.2122039795,0
TH4#29,16.8674278259,25.3134689331,0
TH4#30,17.0759811401,25.4081325531,0
TH4#31,17.2735919952,25.4963054657,0
TH4#32,17.4604301453,25.5781574249,0
TH4#33,17.6366539001,25.653842926,0
TH4#34,17.8023967743,25.7235336304,0
TH4#35,17.9578056335,25.7874202728,0
TH4#36,18.103061676,25.8457298279,0
TH4#37,18.2384147644,25.8987255096,0
TH4#38,18.3641624451,25.9467067719,0
TH4#39,18.4806938171,25.9900093079,0
TH4#40,18.5884437561,26.0289897919,0
TH4#41,18.6878757477,26.0640106201,0
TH4#42,18.7795085907,26.0954341888,0
TH4#43,18.8638381958,26.1236038208,0
TH4#44,18.9413852692,26.1488456726,0
TH4#45,19.0126399994,26.1714668274,0
TH4#46,19.0780830383,26.1917457581,0
TH4#47,19.138168335,26.2099304199,0
