id,station_id,time,PM25_Concentration,PM10_Concentration,NO2_Concentration,CO_Concentration,O3_Concentration,SO2_Concentration
2978246,dongsi_aq,2018-04-29 01:00:00,187.0,214.0,102.0,1.3,35.0,8.0
2978247,tiantan_aq,2018-04-29 01:00:00,75.0,96.0,72.0,0.8,38.0,7.0
2978248,guanyuan_aq,2018-04-29 01:00:00,297.0,304.0,108.0,1.5,41.0,10.0
2978249,wanshouxigong_aq,2018-04-29 01:00:00,113.0,217.0,82.0,1.2,30.0,9.0
2978250,aotizhongxin_aq,2018-04-29 01:00:00,239.0,,101.0,1.4,20.0,2.0
2978251,nongzhanguan_aq,2018-04-29 01:00:00,98.0,113.0,116.0,1.0,4.0,7.0
2978252,wanliu_aq,2018-04-29 01:00:00,208.0,249.0,119.0,1.2,17.0,2.0
2978253,beibuxinqu_aq,2018-04-29 01:00:00,159.0,248.0,77.0,1.3,43.0,2.0
2978254,zhiwuyuan_aq,2018-04-29 01:00:00,,,,,,
2978255,fengtaihuayuan_aq,2018-04-29 01:00:00,240.0,280.0,85.0,1.4,57.0,10.0
2978256,yungang_aq,2018-04-29 01:00:00,191.0,204.0,62.0,1.1,78.0,6.0
2978257,gucheng_aq,2018-04-29 01:00:00,216.0,244.0,81.0,1.1,65.0,2.0
2978258,fangshan_aq,2018-04-29 01:00:00,68.0,,55.0,0.7,69.0,9.0
2978259,daxing_aq,2018-04-29 01:00:00,78.0,149.0,61.0,0.4,42.0,15.0
2978260,yizhuang_aq,2018-04-29 01:00:00,57.0,86.0,44.0,0.7,67.0,8.0
2978261,tongzhou_aq,2018-04-29 01:00:00,70.0,125.0,47.0,0.8,56.0,11.0
2978262,shunyi_aq,2018-04-29 01:00:00,130.0,,53.0,1.3,58.0,11.0
2978263,pingchang_aq,2018-04-29 01:00:00,190.0,,122.0,1.1,25.0,6.0
2978264,mentougou_aq,2018-04-29 01:00:00,102.0,130.0,29.0,0.9,124.0,2.0
2978265,pinggu_aq,2018-04-29 01:00:00,119.0,,30.0,0.9,98.0,9.0
2978266,huairou_aq,2018-04-29 01:00:00,149.0,,37.0,0.9,76.0,5.0
2978267,miyun_aq,2018-04-29 01:00:00,123.0,143.0,63.0,1.0,76.0,7.0
2978268,yanqin_aq,2018-04-29 01:00:00,159.0,230.0,95.0,0.9,37.0,5.0
2978269,dingling_aq,2018-04-29 01:00:00,190.0,198.0,106.0,1.1,37.0,4.0
2978270,badaling_aq,2018-04-29 01:00:00,129.0,188.0,48.0,0.8,126.0,5.0
2978271,miyunshuiku_aq,2018-04-29 01:00:00,158.0,,13.0,1.0,121.0,2.0
2978272,donggaocun_aq,2018-04-29 01:00:00,76.0,86.0,28.0,0.7,95.0,18.0
2978273,yongledian_aq,2018-04-29 01:00:00,68.0,110.0,43.0,1.0,82.0,12.0
2978274,yufa_aq,2018-04-29 01:00:00,78.0,116.0,32.0,0.7,70.0,22.0
2978275,liulihe_aq,2018-04-29 01:00:00,164.0,217.0,59.0,0.9,49.0,7.0
2978276,qianmen_aq,2018-04-29 01:00:00,80.0,160.0,89.0,0.8,36.0,19.0
2978277,yongdingmennei_aq,2018-04-29 01:00:00,85.0,173.0,139.0,1.1,35.0,21.0
2978278,xizhimenbei_aq,2018-04-29 01:00:00,285.0,,114.0,1.4,23.0,8.0
2978279,nansanhuan_aq,2018-04-29 01:00:00,72.0,155.0,105.0,0.8,20.0,12.0
2978280,dongsihuan_aq,2018-04-29 01:00:00,92.0,183.0,121.0,1.0,7.0,14.0
2978302,dongsi_aq,2018-04-29 02:00:00,215.0,237.0,125.0,1.3,29.0,8.0
2978303,tiantan_aq,2018-04-29 02:00:00,98.0,126.0,80.0,0.9,45.0,8.0
2978304,guanyuan_aq,2018-04-29 02:00:00,304.0,,93.0,1.4,79.0,10.0
2978305,wanshouxigong_aq,2018-04-29 02:00:00,170.0,258.0,79.0,1.3,52.0,9.0
2978306,aotizhongxin_aq,2018-04-29 02:00:00,252.0,,108.0,1.4,39.0,3.0
2978307,nongzhanguan_aq,2018-04-29 02:00:00,126.0,196.0,122.0,1.1,11.0,7.0
2978308,wanliu_aq,2018-04-29 02:00:00,231.0,262.0,95.0,1.2,69.0,2.0
2978309,beibuxinqu_aq,2018-04-29 02:00:00,187.0,269.0,67.0,1.4,86.0,3.0
2978310,zhiwuyuan_aq,2018-04-29 02:00:00,,,,,,
2978311,fengtaihuayuan_aq,2018-04-29 02:00:00,293.0,301.0,83.0,1.4,81.0,10.0
2978312,yungang_aq,2018-04-29 02:00:00,217.0,,62.0,1.2,93.0,9.0
2978313,gucheng_aq,2018-04-29 02:00:00,239.0,,79.0,1.2,95.0,4.0
2978314,fangshan_aq,2018-04-29 02:00:00,141.0,,67.0,1.0,91.0,10.0
2978315,daxing_aq,2018-04-29 02:00:00,99.0,157.0,54.0,0.5,63.0,19.0
2978316,yizhuang_aq,2018-04-29 02:00:00,63.0,99.0,45.0,0.7,80.0,14.0
2978317,tongzhou_aq,2018-04-29 02:00:00,67.0,108.0,37.0,0.7,79.0,14.0
2978318,shunyi_aq,2018-04-29 02:00:00,117.0,,46.0,1.2,82.0,12.0
2978319,pingchang_aq,2018-04-29 02:00:00,197.0,236.0,99.0,1.1,52.0,6.0
2978320,mentougou_aq,2018-04-29 02:00:00,184.0,216.0,62.0,1.1,114.0,4.0
2978321,pinggu_aq,2018-04-29 02:00:00,78.0,83.0,28.0,0.8,116.0,14.0
2978322,huairou_aq,2018-04-29 02:00:00,112.0,,37.0,0.9,85.0,7.0
2978323,miyun_aq,2018-04-29 02:00:00,123.0,142.0,40.0,1.0,120.0,8.0
2978324,yanqin_aq,2018-04-29 02:00:00,148.0,191.0,67.0,0.8,108.0,6.0
2978325,dingling_aq,2018-04-29 02:00:00,196.0,208.0,81.0,1.1,93.0,5.0
2978326,badaling_aq,2018-04-29 02:00:00,122.0,190.0,44.0,0.8,141.0,9.0
2978327,miyunshuiku_aq,2018-04-29 02:00:00,143.0,,19.0,0.9,137.0,5.0
2978328,donggaocun_aq,2018-04-29 02:00:00,76.0,78.0,25.0,0.6,109.0,19.0
2978329,yongledian_aq,2018-04-29 02:00:00,72.0,106.0,28.0,1.0,110.0,16.0
2978330,yufa_aq,2018-04-29 02:00:00,92.0,107.0,36.0,0.8,74.0,26.0
2978331,liulihe_aq,2018-04-29 02:00:00,149.0,206.0,52.0,0.9,68.0,14.0
2978332,qianmen_aq,2018-04-29 02:00:00,104.0,169.0,102.0,1.0,37.0,16.0
2978333,yongdingmennei_aq,2018-04-29 02:00:00,109.0,170.0,125.0,1.3,59.0,24.0
2978334,xizhimenbei_aq,2018-04-29 02:00:00,305.0,,118.0,1.4,41.0,11.0
2978335,nansanhuan_aq,2018-04-29 02:00:00,111.0,188.0,120.0,1.1,23.0,12.0
2978336,dongsihuan_aq,2018-04-29 02:00:00,98.0,165.0,118.0,1.1,16.0,13.0
2978358,dongsi_aq,2018-04-29 03:00:00,134.0,142.0,110.0,1.1,49.0,9.0
2978359,tiantan_aq,2018-04-29 03:00:00,,103.0,72.0,0.9,65.0,8.0
2978360,guanyuan_aq,2018-04-29 03:00:00,303.0,,88.0,1.3,115.0,10.0
2978361,wanshouxigong_aq,2018-04-29 03:00:00,140.0,197.0,72.0,1.2,67.0,9.0
2978362,aotizhongxin_aq,2018-04-29 03:00:00,256.0,,138.0,1.4,42.0,5.0
2978363,nongzhanguan_aq,2018-04-29 03:00:00,119.0,165.0,96.0,1.0,48.0,8.0
2978364,wanliu_aq,2018-04-29 03:00:00,257.0,294.0,83.0,1.3,124.0,2.0
2978365,beibuxinqu_aq,2018-04-29 03:00:00,185.0,269.0,52.0,1.4,140.0,5.0
2978366,zhiwuyuan_aq,2018-04-29 03:00:00,,,,,,
2978367,fengtaihuayuan_aq,2018-04-29 03:00:00,252.0,,87.0,1.3,74.0,11.0
2978368,yungang_aq,2018-04-29 03:00:00,219.0,,68.0,1.2,123.0,9.0
2978369,gucheng_aq,2018-04-29 03:00:00,239.0,,67.0,1.2,152.0,7.0
2978370,fangshan_aq,2018-04-29 03:00:00,174.0,,70.0,1.1,113.0,8.0
2978371,daxing_aq,2018-04-29 03:00:00,116.0,191.0,60.0,0.6,75.0,19.0
2978372,yizhuang_aq,2018-04-29 03:00:00,73.0,103.0,52.0,0.8,82.0,10.0
2978373,tongzhou_aq,2018-04-29 03:00:00,69.0,125.0,35.0,0.6,98.0,18.0
2978374,shunyi_aq,2018-04-29 03:00:00,101.0,,34.0,1.1,125.0,15.0
2978375,pingchang_aq,2018-04-29 03:00:00,181.0,216.0,36.0,0.9,141.0,6.0
2978376,mentougou_aq,2018-04-29 03:00:00,218.0,236.0,60.0,1.2,161.0,7.0
2978377,pinggu_aq,2018-04-29 03:00:00,80.0,92.0,29.0,0.8,130.0,17.0
2978378,huairou_aq,2018-04-29 03:00:00,101.0,116.0,33.0,0.8,103.0,8.0
2978379,miyun_aq,2018-04-29 03:00:00,103.0,122.0,33.0,0.9,129.0,8.0
2978380,yanqin_aq,2018-04-29 03:00:00,138.0,164.0,49.0,0.8,130.0,12.0
2978381,dingling_aq,2018-04-29 03:00:00,192.0,214.0,85.0,1.2,100.0,5.0
2978382,badaling_aq,2018-04-29 03:00:00,84.0,131.0,32.0,0.7,157.0,14.0
2978383,miyunshuiku_aq,2018-04-29 03:00:00,117.0,124.0,24.0,0.8,147.0,7.0
2978384,donggaocun_aq,2018-04-29 03:00:00,78.0,92.0,28.0,0.7,118.0,20.0
2978385,yongledian_aq,2018-04-29 03:00:00,83.0,122.0,31.0,1.0,123.0,18.0
2978386,yufa_aq,2018-04-29 03:00:00,105.0,155.0,34.0,0.8,97.0,31.0
2978387,liulihe_aq,2018-04-29 03:00:00,160.0,245.0,44.0,0.9,109.0,16.0
2978388,qianmen_aq,2018-04-29 03:00:00,122.0,194.0,100.0,1.0,55.0,15.0
2978389,yongdingmennei_aq,2018-04-29 03:00:00,123.0,177.0,140.0,1.5,60.0,19.0
2978390,xizhimenbei_aq,2018-04-29 03:00:00,311.0,,119.0,1.4,68.0,14.0
2978391,nansanhuan_aq,2018-04-29 03:00:00,119.0,200.0,110.0,1.1,33.0,12.0
2978392,dongsihuan_aq,2018-04-29 03:00:00,115.0,168.0,108.0,1.0,41.0,14.0
2978414,dongsi_aq,2018-04-29 04:00:00,128.0,143.0,86.0,1.0,84.0,10.0
2978415,tiantan_aq,2018-04-29 04:00:00,,6.0,60.0,0.9,85.0,10.0
2978416,guanyuan_aq,2018-04-29 04:00:00,221.0,,95.0,1.1,96.0,11.0
2978417,wanshouxigong_aq,2018-04-29 04:00:00,127.0,193.0,68.0,1.2,80.0,9.0
2978418,aotizhongxin_aq,2018-04-29 04:00:00,193.0,,117.0,1.1,66.0,6.0
2978419,nongzhanguan_aq,2018-04-29 04:00:00,108.0,150.0,73.0,0.9,80.0,10.0
2978420,wanliu_aq,2018-04-29 04:00:00,266.0,285.0,81.0,1.3,152.0,2.0
2978421,beibuxinqu_aq,2018-04-29 04:00:00,185.0,281.0,48.0,1.4,169.0,7.0
2978422,zhiwuyuan_aq,2018-04-29 04:00:00,,,,,,
2978423,fengtaihuayuan_aq,2018-04-29 04:00:00,186.0,212.0,87.0,1.3,95.0,10.0
2978424,yungang_aq,2018-04-29 04:00:00,229.0,,58.0,1.2,162.0,9.0
2978425,gucheng_aq,2018-04-29 04:00:00,252.0,,81.0,1.3,155.0,8.0
2978426,fangshan_aq,2018-04-29 04:00:00,142.0,196.0,55.0,1.0,107.0,8.0
2978427,daxing_aq,2018-04-29 04:00:00,118.0,186.0,57.0,0.5,76.0,14.0
2978428,yizhuang_aq,2018-04-29 04:00:00,72.0,124.0,41.0,0.8,109.0,21.0
2978429,tongzhou_aq,2018-04-29 04:00:00,78.0,140.0,35.0,0.7,110.0,16.0
2978430,shunyi_aq,2018-04-29 04:00:00,91.0,108.0,31.0,1.1,140.0,14.0
2978431,pingchang_aq,2018-04-29 04:00:00,158.0,172.0,29.0,0.9,159.0,8.0
2978432,mentougou_aq,2018-04-29 04:00:00,213.0,236.0,55.0,1.2,205.0,8.0
2978433,pinggu_aq,2018-04-29 04:00:00,86.0,,26.0,0.8,151.0,20.0
2978434,huairou_aq,2018-04-29 04:00:00,99.0,141.0,32.0,0.8,120.0,10.0
2978435,miyun_aq,2018-04-29 04:00:00,88.0,106.0,29.0,0.8,135.0,8.0
2978436,yanqin_aq,2018-04-29 04:00:00,119.0,157.0,44.0,0.9,141.0,19.0
2978437,dingling_aq,2018-04-29 04:00:00,175.0,179.0,51.0,1.0,160.0,7.0
2978438,badaling_aq,2018-04-29 04:00:00,82.0,,33.0,0.7,148.0,13.0
2978439,miyunshuiku_aq,2018-04-29 04:00:00,110.0,128.0,25.0,0.8,154.0,8.0
2978440,donggaocun_aq,2018-04-29 04:00:00,88.0,108.0,28.0,0.8,138.0,26.0
2978441,yongledian_aq,2018-04-29 04:00:00,86.0,125.0,30.0,1.1,154.0,17.0
2978442,yufa_aq,2018-04-29 04:00:00,115.0,188.0,27.0,0.8,127.0,28.0
2978443,liulihe_aq,2018-04-29 04:00:00,163.0,247.0,34.0,0.9,147.0,14.0
2978444,qianmen_aq,2018-04-29 04:00:00,122.0,170.0,83.0,1.0,80.0,15.0
2978445,yongdingmennei_aq,2018-04-29 04:00:00,120.0,143.0,114.0,1.1,97.0,25.0
2978446,xizhimenbei_aq,2018-04-29 04:00:00,257.0,,132.0,1.3,62.0,13.0
2978447,nansanhuan_aq,2018-04-29 04:00:00,117.0,193.0,111.0,1.1,56.0,13.0
2978448,dongsihuan_aq,2018-04-29 04:00:00,104.0,200.0,109.0,1.0,52.0,13.0
2978470,dongsi_aq,2018-04-29 05:00:00,118.0,122.0,53.0,0.9,131.0,14.0
2978471,tiantan_aq,2018-04-29 05:00:00,,953.0,44.0,0.9,126.0,14.0
2978472,guanyuan_aq,2018-04-29 05:00:00,191.0,,81.0,1.0,125.0,13.0
2978473,wanshouxigong_aq,2018-04-29 05:00:00,126.0,181.0,53.0,1.1,114.0,11.0
2978474,aotizhongxin_aq,2018-04-29 05:00:00,148.0,,86.0,0.9,102.0,8.0
2978475,nongzhanguan_aq,2018-04-29 05:00:00,99.0,130.0,60.0,0.8,102.0,13.0
2978476,wanliu_aq,2018-04-29 05:00:00,194.0,204.0,84.0,1.1,147.0,2.0
2978477,beibuxinqu_aq,2018-04-29 05:00:00,213.0,305.0,62.0,1.5,188.0,8.0
2978478,zhiwuyuan_aq,2018-04-29 05:00:00,,,,,,
2978479,fengtaihuayuan_aq,2018-04-29 05:00:00,201.0,,72.0,1.2,120.0,10.0
2978480,yungang_aq,2018-04-29 05:00:00,152.0,176.0,49.0,1.0,147.0,10.0
2978481,gucheng_aq,2018-04-29 05:00:00,226.0,,84.0,1.2,150.0,8.0
2978482,fangshan_aq,2018-04-29 05:00:00,145.0,205.0,45.0,0.9,150.0,13.0
2978483,daxing_aq,2018-04-29 05:00:00,108.0,157.0,52.0,0.5,82.0,20.0
2978484,yizhuang_aq,2018-04-29 05:00:00,71.0,118.0,36.0,0.8,131.0,17.0
2978485,tongzhou_aq,2018-04-29 05:00:00,81.0,146.0,27.0,0.7,122.0,19.0
2978486,shunyi_aq,2018-04-29 05:00:00,101.0,,31.0,1.1,162.0,16.0
2978487,pingchang_aq,2018-04-29 05:00:00,198.0,247.0,41.0,1.0,176.0,9.0
2978488,mentougou_aq,2018-04-29 05:00:00,213.0,227.0,65.0,1.2,207.0,8.0
2978489,pinggu_aq,2018-04-29 05:00:00,90.0,112.0,24.0,0.9,182.0,21.0
2978490,huairou_aq,2018-04-29 05:00:00,103.0,121.0,21.0,0.8,163.0,12.0
2978491,miyun_aq,2018-04-29 05:00:00,81.0,111.0,25.0,0.8,158.0,11.0
2978492,yanqin_aq,2018-04-29 05:00:00,111.0,424.0,29.0,0.7,147.0,13.0
2978493,dingling_aq,2018-04-29 05:00:00,169.0,182.0,52.0,1.0,176.0,8.0
2978494,badaling_aq,2018-04-29 05:00:00,,,26.0,0.4,109.0,4.0
2978495,miyunshuiku_aq,2018-04-29 05:00:00,93.0,114.0,22.0,0.7,164.0,8.0
2978496,donggaocun_aq,2018-04-29 05:00:00,94.0,113.0,24.0,0.8,168.0,25.0
2978497,yongledian_aq,2018-04-29 05:00:00,92.0,139.0,30.0,1.1,192.0,19.0
2978498,yufa_aq,2018-04-29 05:00:00,111.0,149.0,25.0,0.8,151.0,22.0
2978499,liulihe_aq,2018-04-29 05:00:00,180.0,266.0,27.0,1.0,185.0,12.0
2978500,qianmen_aq,2018-04-29 05:00:00,117.0,156.0,66.0,0.9,122.0,20.0
2978501,yongdingmennei_aq,2018-04-29 05:00:00,110.0,172.0,97.0,1.0,130.0,30.0
2978502,xizhimenbei_aq,2018-04-29 05:00:00,166.0,,95.0,1.1,88.0,18.0
2978503,nansanhuan_aq,2018-04-29 05:00:00,116.0,184.0,109.0,1.0,65.0,15.0
2978504,dongsihuan_aq,2018-04-29 05:00:00,85.0,182.0,95.0,1.0,77.0,16.0
2978526,dongsi_aq,2018-04-29 06:00:00,101.0,109.0,46.0,0.9,147.0,17.0
2978527,tiantan_aq,2018-04-29 06:00:00,,295.0,46.0,0.8,117.0,15.0
2978528,guanyuan_aq,2018-04-29 06:00:00,,138.0,59.0,0.9,161.0,16.0
2978529,wanshouxigong_aq,2018-04-29 06:00:00,100.0,156.0,49.0,1.0,112.0,14.0
2978530,aotizhongxin_aq,2018-04-29 06:00:00,114.0,,55.0,0.8,146.0,12.0
2978531,nongzhanguan_aq,2018-04-29 06:00:00,84.0,122.0,48.0,0.8,129.0,15.0
2978532,wanliu_aq,2018-04-29 06:00:00,138.0,,60.0,0.9,173.0,2.0
2978533,beibuxinqu_aq,2018-04-29 06:00:00,239.0,277.0,87.0,1.6,185.0,7.0
2978534,zhiwuyuan_aq,2018-04-29 06:00:00,,,,,,
2978535,fengtaihuayuan_aq,2018-04-29 06:00:00,133.0,150.0,55.0,1.0,122.0,15.0
2978536,yungang_aq,2018-04-29 06:00:00,120.0,142.0,39.0,0.9,162.0,15.0
2978537,gucheng_aq,2018-04-29 06:00:00,162.0,,76.0,0.9,126.0,9.0
2978538,fangshan_aq,2018-04-29 06:00:00,124.0,179.0,36.0,0.9,192.0,17.0
2978539,daxing_aq,2018-04-29 06:00:00,102.0,176.0,39.0,0.5,125.0,25.0
2978540,yizhuang_aq,2018-04-29 06:00:00,85.0,137.0,40.0,0.9,137.0,19.0
2978541,tongzhou_aq,2018-04-29 06:00:00,89.0,143.0,28.0,0.8,151.0,23.0
2978542,shunyi_aq,2018-04-29 06:00:00,96.0,133.0,26.0,1.1,181.0,18.0
2978543,pingchang_aq,2018-04-29 06:00:00,192.0,229.0,65.0,1.0,158.0,9.0
2978544,mentougou_aq,2018-04-29 06:00:00,182.0,204.0,63.0,1.1,190.0,7.0
2978545,pinggu_aq,2018-04-29 06:00:00,90.0,113.0,21.0,0.9,212.0,20.0
2978546,huairou_aq,2018-04-29 06:00:00,93.0,147.0,20.0,0.8,184.0,11.0
2978547,miyun_aq,2018-04-29 06:00:00,80.0,102.0,22.0,0.8,191.0,13.0
2978548,yanqin_aq,2018-04-29 06:00:00,,,22.0,0.4,95.0,3.0
2978549,dingling_aq,2018-04-29 06:00:00,187.0,208.0,65.0,1.1,178.0,8.0
2978550,badaling_aq,2018-04-29 06:00:00,250.0,2030.0,22.0,0.3,95.0,2.0
2978551,miyunshuiku_aq,2018-04-29 06:00:00,88.0,107.0,18.0,0.7,186.0,9.0
2978552,donggaocun_aq,2018-04-29 06:00:00,86.0,109.0,22.0,0.7,181.0,22.0
2978553,yongledian_aq,2018-04-29 06:00:00,90.0,163.0,25.0,1.2,234.0,18.0
2978554,yufa_aq,2018-04-29 06:00:00,,172.0,,0.9,185.0,19.0
2978555,liulihe_aq,2018-04-29 06:00:00,148.0,184.0,25.0,0.9,184.0,16.0
2978556,qianmen_aq,2018-04-29 06:00:00,100.0,163.0,78.0,0.9,103.0,21.0
2978557,yongdingmennei_aq,2018-04-29 06:00:00,90.0,131.0,98.0,1.0,122.0,29.0
2978558,xizhimenbei_aq,2018-04-29 06:00:00,151.0,,74.0,1.0,126.0,18.0
2978559,nansanhuan_aq,2018-04-29 06:00:00,79.0,165.0,100.0,0.9,74.0,19.0
2978560,dongsihuan_aq,2018-04-29 06:00:00,73.0,150.0,80.0,0.9,107.0,18.0
2978582,dongsi_aq,2018-04-29 07:00:00,94.0,137.0,38.0,0.9,166.0,19.0
2978583,tiantan_aq,2018-04-29 07:00:00,,145.0,35.0,0.9,144.0,18.0
2978584,guanyuan_aq,2018-04-29 07:00:00,,101.0,43.0,0.8,169.0,20.0
2978585,wanshouxigong_aq,2018-04-29 07:00:00,95.0,168.0,38.0,1.1,141.0,18.0
2978586,aotizhongxin_aq,2018-04-29 07:00:00,95.0,,48.0,0.7,158.0,15.0
2978587,nongzhanguan_aq,2018-04-29 07:00:00,87.0,157.0,45.0,0.8,145.0,15.0
2978588,wanliu_aq,2018-04-29 07:00:00,127.0,149.0,56.0,0.8,168.0,2.0
2978589,beibuxinqu_aq,2018-04-29 07:00:00,174.0,228.0,85.0,1.4,161.0,7.0
2978590,zhiwuyuan_aq,2018-04-29 07:00:00,,,,,,
2978591,fengtaihuayuan_aq,2018-04-29 07:00:00,147.0,,37.0,1.0,166.0,21.0
2978592,yungang_aq,2018-04-29 07:00:00,117.0,150.0,26.0,1.0,228.0,17.0
2978593,gucheng_aq,2018-04-29 07:00:00,145.0,,54.0,0.9,174.0,11.0
2978594,fangshan_aq,2018-04-29 07:00:00,106.0,186.0,30.0,0.9,220.0,18.0
2978595,daxing_aq,2018-04-29 07:00:00,114.0,209.0,39.0,0.6,156.0,24.0
2978596,yizhuang_aq,2018-04-29 07:00:00,92.0,152.0,31.0,1.0,181.0,20.0
2978597,tongzhou_aq,2018-04-29 07:00:00,102.0,177.0,28.0,0.8,180.0,24.0
2978598,shunyi_aq,2018-04-29 07:00:00,100.0,122.0,24.0,1.1,198.0,19.0
2978599,pingchang_aq,2018-04-29 07:00:00,147.0,176.0,48.0,0.8,171.0,9.0
2978600,mentougou_aq,2018-04-29 07:00:00,139.0,171.0,58.0,1.0,173.0,10.0
2978601,pinggu_aq,2018-04-29 07:00:00,81.0,100.0,20.0,0.8,221.0,18.0
2978602,huairou_aq,2018-04-29 07:00:00,98.0,158.0,21.0,0.8,197.0,12.0
2978603,miyun_aq,2018-04-29 07:00:00,87.0,117.0,27.0,0.9,206.0,12.0
2978604,yanqin_aq,2018-04-29 07:00:00,321.0,1826.0,24.0,0.3,101.0,2.0
2978605,dingling_aq,2018-04-29 07:00:00,174.0,,80.0,1.1,166.0,10.0
2978606,badaling_aq,2018-04-29 07:00:00,226.0,1541.0,20.0,0.3,97.0,2.0
2978607,miyunshuiku_aq,2018-04-29 07:00:00,87.0,113.0,16.0,0.7,211.0,10.0
2978608,donggaocun_aq,2018-04-29 07:00:00,91.0,110.0,22.0,0.7,198.0,20.0
2978609,yongledian_aq,2018-04-29 07:00:00,3.0,147.0,22.0,1.2,250.0,16.0
2978610,yufa_aq,2018-04-29 07:00:00,,182.0,,0.9,198.0,17.0
2978611,liulihe_aq,2018-04-29 07:00:00,136.0,197.0,22.0,0.9,218.0,16.0
2978612,qianmen_aq,2018-04-29 07:00:00,92.0,171.0,62.0,0.9,135.0,24.0
2978613,yongdingmennei_aq,2018-04-29 07:00:00,92.0,176.0,75.0,1.0,164.0,34.0
2978614,xizhimenbei_aq,2018-04-29 07:00:00,126.0,,72.0,0.9,120.0,18.0
2978615,nansanhuan_aq,2018-04-29 07:00:00,83.0,147.0,91.0,1.0,100.0,22.0
2978616,dongsihuan_aq,2018-04-29 07:00:00,74.0,142.0,77.0,1.0,134.0,18.0
2978638,dongsi_aq,2018-04-29 08:00:00,110.0,161.0,40.0,0.9,174.0,21.0
2978639,tiantan_aq,2018-04-29 08:00:00,,6.0,39.0,0.9,154.0,17.0
2978640,guanyuan_aq,2018-04-29 08:00:00,93.0,148.0,40.0,0.9,194.0,25.0
2978641,wanshouxigong_aq,2018-04-29 08:00:00,120.0,203.0,44.0,1.6,143.0,17.0
2978642,aotizhongxin_aq,2018-04-29 08:00:00,100.0,113.0,39.0,0.7,181.0,20.0
2978643,nongzhanguan_aq,2018-04-29 08:00:00,106.0,165.0,42.0,0.9,165.0,17.0
2978644,wanliu_aq,2018-04-29 08:00:00,114.0,150.0,49.0,0.8,189.0,2.0
2978645,beibuxinqu_aq,2018-04-29 08:00:00,139.0,211.0,66.0,1.2,164.0,9.0
2978646,zhiwuyuan_aq,2018-04-29 08:00:00,,,,,,
2978647,fengtaihuayuan_aq,2018-04-29 08:00:00,114.0,176.0,31.0,1.0,196.0,20.0
2978648,yungang_aq,2018-04-29 08:00:00,126.0,157.0,25.0,0.9,218.0,14.0
2978649,gucheng_aq,2018-04-29 08:00:00,139.0,155.0,37.0,0.9,225.0,12.0
2978650,fangshan_aq,2018-04-29 08:00:00,105.0,185.0,37.0,1.0,202.0,14.0
2978651,daxing_aq,2018-04-29 08:00:00,116.0,208.0,31.0,0.7,179.0,18.0
2978652,yizhuang_aq,2018-04-29 08:00:00,90.0,156.0,31.0,1.0,196.0,18.0
2978653,tongzhou_aq,2018-04-29 08:00:00,100.0,168.0,21.0,0.8,209.0,19.0
2978654,shunyi_aq,2018-04-29 08:00:00,106.0,139.0,26.0,1.2,211.0,23.0
2978655,pingchang_aq,2018-04-29 08:00:00,116.0,138.0,43.0,0.8,175.0,10.0
2978656,mentougou_aq,2018-04-29 08:00:00,144.0,184.0,45.0,1.0,230.0,9.0
2978657,pinggu_aq,2018-04-29 08:00:00,84.0,135.0,20.0,0.9,243.0,16.0
2978658,huairou_aq,2018-04-29 08:00:00,108.0,165.0,27.0,0.8,206.0,12.0
2978659,miyun_aq,2018-04-29 08:00:00,95.0,128.0,25.0,1.0,222.0,14.0
2978660,yanqin_aq,2018-04-29 08:00:00,229.0,942.0,36.0,0.8,204.0,5.0
2978661,dingling_aq,2018-04-29 08:00:00,126.0,131.0,68.0,0.9,170.0,11.0
2978662,badaling_aq,2018-04-29 08:00:00,162.0,1093.0,33.0,0.6,172.0,4.0
2978663,miyunshuiku_aq,2018-04-29 08:00:00,90.0,143.0,18.0,0.8,221.0,10.0
2978664,donggaocun_aq,2018-04-29 08:00:00,87.0,109.0,22.0,0.8,227.0,19.0
2978665,yongledian_aq,2018-04-29 08:00:00,80.0,88.0,23.0,1.2,263.0,17.0
2978666,yufa_aq,2018-04-29 08:00:00,93.0,153.0,18.0,0.9,209.0,18.0
2978667,liulihe_aq,2018-04-29 08:00:00,131.0,202.0,22.0,0.9,222.0,16.0
2978668,qianmen_aq,2018-04-29 08:00:00,109.0,194.0,66.0,0.9,142.0,24.0
2978669,yongdingmennei_aq,2018-04-29 08:00:00,115.0,178.0,91.0,1.1,163.0,32.0
2978670,xizhimenbei_aq,2018-04-29 08:00:00,130.0,153.0,62.0,1.0,150.0,21.0
2978671,nansanhuan_aq,2018-04-29 08:00:00,93.0,187.0,109.0,1.0,94.0,20.0
2978672,dongsihuan_aq,2018-04-29 08:00:00,94.0,150.0,49.0,0.9,167.0,20.0
2978694,dongsi_aq,2018-04-29 09:00:00,115.0,171.0,45.0,1.0,185.0,20.0
2978695,tiantan_aq,2018-04-29 09:00:00,,115.0,39.0,1.0,171.0,19.0
2978696,guanyuan_aq,2018-04-29 09:00:00,144.0,192.0,49.0,1.0,192.0,23.0
2978697,wanshouxigong_aq,2018-04-29 09:00:00,118.0,240.0,41.0,1.9,158.0,15.0
2978698,aotizhongxin_aq,2018-04-29 09:00:00,119.0,142.0,46.0,0.7,181.0,18.0
2978699,nongzhanguan_aq,2018-04-29 09:00:00,109.0,212.0,44.0,0.9,170.0,15.0
2978700,wanliu_aq,2018-04-29 09:00:00,117.0,175.0,42.0,0.8,212.0,2.0
2978701,beibuxinqu_aq,2018-04-29 09:00:00,122.0,198.0,46.0,1.2,200.0,11.0
2978702,zhiwuyuan_aq,2018-04-29 09:00:00,,,,,,
2978703,fengtaihuayuan_aq,2018-04-29 09:00:00,149.0,187.0,28.0,1.1,201.0,18.0
2978704,yungang_aq,2018-04-29 09:00:00,118.0,161.0,25.0,1.0,203.0,17.0
2978705,gucheng_aq,2018-04-29 09:00:00,152.0,157.0,35.0,0.9,225.0,13.0
2978706,fangshan_aq,2018-04-29 09:00:00,111.0,201.0,33.0,1.0,202.0,16.0
2978707,daxing_aq,2018-04-29 09:00:00,121.0,204.0,31.0,0.8,180.0,16.0
2978708,yizhuang_aq,2018-04-29 09:00:00,97.0,156.0,32.0,1.1,200.0,13.0
2978709,tongzhou_aq,2018-04-29 09:00:00,103.0,178.0,22.0,0.9,217.0,16.0
2978710,shunyi_aq,2018-04-29 09:00:00,110.0,182.0,30.0,1.2,215.0,22.0
2978711,pingchang_aq,2018-04-29 09:00:00,100.0,138.0,40.0,0.7,177.0,10.0
2978712,mentougou_aq,2018-04-29 09:00:00,150.0,197.0,42.0,1.1,244.0,9.0
2978713,pinggu_aq,2018-04-29 09:00:00,83.0,120.0,22.0,1.0,274.0,16.0
2978714,huairou_aq,2018-04-29 09:00:00,117.0,158.0,34.0,0.8,198.0,12.0
2978715,miyun_aq,2018-04-29 09:00:00,97.0,147.0,33.0,1.0,219.0,11.0
2978716,yanqin_aq,2018-04-29 09:00:00,206.0,347.0,49.0,1.1,221.0,7.0
2978717,dingling_aq,2018-04-29 09:00:00,120.0,150.0,69.0,1.0,171.0,11.0
2978718,badaling_aq,2018-04-29 09:00:00,181.0,533.0,53.0,0.9,207.0,5.0
2978719,miyunshuiku_aq,2018-04-29 09:00:00,96.0,137.0,21.0,0.8,219.0,13.0
2978720,donggaocun_aq,2018-04-29 09:00:00,85.0,112.0,22.0,0.9,240.0,18.0
2978721,yongledian_aq,2018-04-29 09:00:00,73.0,152.0,21.0,1.2,254.0,15.0
2978722,yufa_aq,2018-04-29 09:00:00,128.0,193.0,19.0,1.0,213.0,18.0
2978723,liulihe_aq,2018-04-29 09:00:00,138.0,257.0,25.0,1.0,200.0,18.0
2978724,qianmen_aq,2018-04-29 09:00:00,121.0,213.0,63.0,1.0,160.0,23.0
2978725,yongdingmennei_aq,2018-04-29 09:00:00,118.0,212.0,91.0,1.2,186.0,31.0
2978726,xizhimenbei_aq,2018-04-29 09:00:00,135.0,178.0,62.0,1.0,154.0,20.0
2978727,nansanhuan_aq,2018-04-29 09:00:00,100.0,197.0,107.0,1.2,112.0,19.0
2978728,dongsihuan_aq,2018-04-29 09:00:00,99.0,171.0,69.0,1.0,158.0,19.0
2978750,dongsi_aq,2018-04-29 10:00:00,118.0,170.0,34.0,1.1,204.0,18.0
2978751,tiantan_aq,2018-04-29 10:00:00,,141.0,24.0,1.1,178.0,13.0
2978752,guanyuan_aq,2018-04-29 10:00:00,163.0,191.0,41.0,1.1,203.0,19.0
2978753,wanshouxigong_aq,2018-04-29 10:00:00,120.0,210.0,31.0,1.4,176.0,11.0
2978754,aotizhongxin_aq,2018-04-29 10:00:00,124.0,153.0,45.0,0.8,195.0,14.0
2978755,nongzhanguan_aq,2018-04-29 10:00:00,107.0,182.0,37.0,1.1,185.0,13.0
2978756,wanliu_aq,2018-04-29 10:00:00,123.0,193.0,39.0,0.9,203.0,2.0
2978757,beibuxinqu_aq,2018-04-29 10:00:00,102.0,201.0,47.0,1.3,187.0,10.0
2978758,zhiwuyuan_aq,2018-04-29 10:00:00,,,,,,
2978759,fengtaihuayuan_aq,2018-04-29 10:00:00,169.0,181.0,32.0,1.2,190.0,15.0
2978760,yungang_aq,2018-04-29 10:00:00,114.0,158.0,29.0,1.0,176.0,12.0
2978761,gucheng_aq,2018-04-29 10:00:00,130.0,140.0,32.0,1.0,196.0,9.0
2978762,fangshan_aq,2018-04-29 10:00:00,119.0,229.0,42.0,1.1,204.0,14.0
2978763,daxing_aq,2018-04-29 10:00:00,130.0,216.0,27.0,0.9,178.0,13.0
2978764,yizhuang_aq,2018-04-29 10:00:00,94.0,150.0,32.0,1.1,194.0,9.0
2978765,tongzhou_aq,2018-04-29 10:00:00,96.0,187.0,25.0,0.9,214.0,15.0
2978766,shunyi_aq,2018-04-29 10:00:00,109.0,164.0,26.0,1.4,208.0,19.0
2978767,pingchang_aq,2018-04-29 10:00:00,96.0,141.0,39.0,0.7,177.0,11.0
2978768,mentougou_aq,2018-04-29 10:00:00,125.0,180.0,42.0,1.0,197.0,10.0
2978769,pinggu_aq,2018-04-29 10:00:00,88.0,147.0,29.0,1.0,260.0,12.0
2978770,huairou_aq,2018-04-29 10:00:00,112.0,169.0,44.0,0.8,191.0,12.0
2978771,miyun_aq,2018-04-29 10:00:00,105.0,161.0,37.0,1.0,229.0,10.0
2978772,yanqin_aq,2018-04-29 10:00:00,163.0,277.0,42.0,0.9,188.0,5.0
2978773,dingling_aq,2018-04-29 10:00:00,115.0,170.0,68.0,1.0,160.0,9.0
2978774,badaling_aq,2018-04-29 10:00:00,184.0,362.0,74.0,1.1,195.0,5.0
2978775,miyunshuiku_aq,2018-04-29 10:00:00,97.0,142.0,21.0,0.8,208.0,11.0
2978776,donggaocun_aq,2018-04-29 10:00:00,81.0,108.0,21.0,0.8,209.0,15.0
2978777,yongledian_aq,2018-04-29 10:00:00,74.0,145.0,33.0,1.2,222.0,13.0
2978778,yufa_aq,2018-04-29 10:00:00,118.0,202.0,19.0,1.0,206.0,15.0
2978779,liulihe_aq,2018-04-29 10:00:00,158.0,239.0,30.0,1.1,188.0,17.0
2978780,qianmen_aq,2018-04-29 10:00:00,124.0,190.0,56.0,1.2,178.0,19.0
2978781,yongdingmennei_aq,2018-04-29 10:00:00,117.0,175.0,67.0,1.3,207.0,24.0
2978782,xizhimenbei_aq,2018-04-29 10:00:00,,,,,,
2978783,nansanhuan_aq,2018-04-29 10:00:00,107.0,201.0,110.0,1.3,115.0,15.0
2978784,dongsihuan_aq,2018-04-29 10:00:00,99.0,168.0,45.0,1.0,186.0,16.0
2978806,dongsi_aq,2018-04-29 11:00:00,124.0,180.0,31.0,1.2,204.0,18.0
2978807,tiantan_aq,2018-04-29 11:00:00,,151.0,39.0,1.2,144.0,9.0
2978808,guanyuan_aq,2018-04-29 11:00:00,152.0,184.0,42.0,1.1,183.0,16.0
2978809,wanshouxigong_aq,2018-04-29 11:00:00,130.0,223.0,32.0,1.4,142.0,8.0
2978810,aotizhongxin_aq,2018-04-29 11:00:00,118.0,150.0,36.0,1.0,196.0,12.0
2978811,nongzhanguan_aq,2018-04-29 11:00:00,114.0,185.0,33.0,1.1,183.0,13.0
2978812,wanliu_aq,2018-04-29 11:00:00,112.0,190.0,44.0,1.0,165.0,2.0
2978813,beibuxinqu_aq,2018-04-29 11:00:00,91.0,290.0,53.0,1.2,156.0,8.0
2978814,zhiwuyuan_aq,2018-04-29 11:00:00,,,,,,
2978815,fengtaihuayuan_aq,2018-04-29 11:00:00,147.0,200.0,47.0,1.3,162.0,14.0
2978816,yungang_aq,2018-04-29 11:00:00,112.0,173.0,36.0,1.1,152.0,8.0
2978817,gucheng_aq,2018-04-29 11:00:00,127.0,136.0,47.0,1.1,168.0,8.0
2978818,fangshan_aq,2018-04-29 11:00:00,131.0,244.0,44.0,1.3,200.0,12.0
2978819,daxing_aq,2018-04-29 11:00:00,143.0,215.0,35.0,1.0,169.0,10.0
2978820,yizhuang_aq,2018-04-29 11:00:00,99.0,141.0,37.0,1.2,181.0,6.0
2978821,tongzhou_aq,2018-04-29 11:00:00,99.0,179.0,26.0,1.0,199.0,13.0
2978822,shunyi_aq,2018-04-29 11:00:00,106.0,151.0,32.0,1.2,195.0,17.0
2978823,pingchang_aq,2018-04-29 11:00:00,90.0,157.0,40.0,0.8,162.0,10.0
2978824,mentougou_aq,2018-04-29 11:00:00,114.0,177.0,48.0,1.1,183.0,10.0
2978825,pinggu_aq,2018-04-29 11:00:00,96.0,136.0,34.0,1.1,222.0,9.0
2978826,huairou_aq,2018-04-29 11:00:00,110.0,198.0,50.0,0.9,181.0,11.0
2978827,miyun_aq,2018-04-29 11:00:00,102.0,148.0,26.0,1.0,214.0,9.0
2978828,yanqin_aq,2018-04-29 11:00:00,112.0,288.0,27.0,0.5,108.0,2.0
2978829,dingling_aq,2018-04-29 11:00:00,98.0,146.0,66.0,0.9,143.0,9.0
2978830,badaling_aq,2018-04-29 11:00:00,140.0,265.0,51.0,0.8,162.0,4.0
2978831,miyunshuiku_aq,2018-04-29 11:00:00,96.0,111.0,16.0,0.8,209.0,10.0
2978832,donggaocun_aq,2018-04-29 11:00:00,79.0,106.0,19.0,0.8,193.0,12.0
2978833,yongledian_aq,2018-04-29 11:00:00,80.0,189.0,63.0,1.3,166.0,10.0
2978834,yufa_aq,2018-04-29 11:00:00,123.0,215.0,20.0,1.0,168.0,9.0
2978835,liulihe_aq,2018-04-29 11:00:00,160.0,298.0,42.0,1.1,154.0,12.0
2978836,qianmen_aq,2018-04-29 11:00:00,136.0,215.0,54.0,1.2,167.0,16.0
2978837,yongdingmennei_aq,2018-04-29 11:00:00,132.0,207.0,108.0,1.5,157.0,17.0
2978838,xizhimenbei_aq,2018-04-29 11:00:00,142.0,146.0,58.0,1.1,152.0,14.0
2978839,nansanhuan_aq,2018-04-29 11:00:00,118.0,190.0,73.0,1.3,122.0,12.0
2978840,dongsihuan_aq,2018-04-29 11:00:00,101.0,148.0,51.0,1.1,171.0,15.0
2978862,dongsi_aq,2018-04-29 12:00:00,125.0,152.0,49.0,1.2,166.0,17.0
2978863,tiantan_aq,2018-04-29 12:00:00,,154.0,51.0,1.3,83.0,7.0
2978864,guanyuan_aq,2018-04-29 12:00:00,150.0,,55.0,1.2,146.0,14.0
2978865,wanshouxigong_aq,2018-04-29 12:00:00,135.0,161.0,36.0,1.5,115.0,6.0
2978866,aotizhongxin_aq,2018-04-29 12:00:00,103.0,110.0,56.0,1.0,153.0,12.0
2978867,nongzhanguan_aq,2018-04-29 12:00:00,107.0,166.0,45.0,1.1,140.0,10.0
2978868,wanliu_aq,2018-04-29 12:00:00,107.0,177.0,60.0,1.1,132.0,2.0
2978869,beibuxinqu_aq,2018-04-29 12:00:00,86.0,216.0,62.0,1.2,124.0,6.0
2978870,zhiwuyuan_aq,2018-04-29 12:00:00,,,,,,
2978871,fengtaihuayuan_aq,2018-04-29 12:00:00,151.0,194.0,62.0,1.3,133.0,14.0
2978872,yungang_aq,2018-04-29 12:00:00,114.0,183.0,56.0,1.1,113.0,7.0
2978873,gucheng_aq,2018-04-29 12:00:00,130.0,146.0,54.0,1.1,158.0,7.0
2978874,fangshan_aq,2018-04-29 12:00:00,134.0,257.0,81.0,1.3,124.0,9.0
2978875,daxing_aq,2018-04-29 12:00:00,157.0,245.0,74.0,1.3,2.0,9.0
2978876,yizhuang_aq,2018-04-29 12:00:00,121.0,172.0,58.0,1.5,132.0,3.0
2978877,tongzhou_aq,2018-04-29 12:00:00,102.0,194.0,32.0,1.0,173.0,11.0
2978878,shunyi_aq,2018-04-29 12:00:00,111.0,156.0,30.0,1.2,186.0,15.0
2978879,pingchang_aq,2018-04-29 12:00:00,94.0,154.0,39.0,0.8,143.0,8.0
2978880,mentougou_aq,2018-04-29 12:00:00,99.0,175.0,58.0,1.0,163.0,8.0
2978881,pinggu_aq,2018-04-29 12:00:00,97.0,128.0,32.0,1.0,205.0,8.0
2978882,huairou_aq,2018-04-29 12:00:00,111.0,203.0,44.0,0.9,182.0,9.0
2978883,miyun_aq,2018-04-29 12:00:00,97.0,145.0,39.0,1.0,184.0,7.0
2978884,yanqin_aq,2018-04-29 12:00:00,58.0,164.0,15.0,0.2,77.0,2.0
2978885,dingling_aq,2018-04-29 12:00:00,98.0,128.0,58.0,0.9,136.0,7.0
2978886,badaling_aq,2018-04-29 12:00:00,30.0,131.0,15.0,0.2,78.0,2.0
2978887,miyunshuiku_aq,2018-04-29 12:00:00,67.0,104.0,9.0,0.5,172.0,3.0
2978888,donggaocun_aq,2018-04-29 12:00:00,77.0,117.0,22.0,0.8,184.0,11.0
2978889,yongledian_aq,2018-04-29 12:00:00,97.0,218.0,64.0,1.3,117.0,5.0
2978890,yufa_aq,2018-04-29 12:00:00,141.0,216.0,34.0,1.1,134.0,8.0
2978891,liulihe_aq,2018-04-29 12:00:00,170.0,324.0,38.0,1.1,131.0,10.0
2978892,qianmen_aq,2018-04-29 12:00:00,128.0,146.0,51.0,1.2,151.0,16.0
2978893,yongdingmennei_aq,2018-04-29 12:00:00,141.0,183.0,175.0,1.8,67.0,14.0
2978894,xizhimenbei_aq,2018-04-29 12:00:00,141.0,,65.0,1.1,131.0,12.0
2978895,nansanhuan_aq,2018-04-29 12:00:00,129.0,183.0,92.0,1.4,93.0,12.0
2978896,dongsihuan_aq,2018-04-29 12:00:00,98.0,161.0,94.0,1.2,103.0,14.0
2978918,dongsi_aq,2018-04-29 13:00:00,111.0,149.0,51.0,1.1,149.0,17.0
2978919,tiantan_aq,2018-04-29 13:00:00,,176.0,54.0,1.1,137.0,12.0
2978920,guanyuan_aq,2018-04-29 13:00:00,124.0,135.0,46.0,1.0,160.0,16.0
2978921,wanshouxigong_aq,2018-04-29 13:00:00,114.0,139.0,44.0,1.3,121.0,9.0
2978922,aotizhongxin_aq,2018-04-29 13:00:00,99.0,135.0,53.0,1.0,141.0,11.0
2978923,nongzhanguan_aq,2018-04-29 13:00:00,94.0,148.0,50.0,1.1,125.0,11.0
2978924,wanliu_aq,2018-04-29 13:00:00,101.0,168.0,58.0,1.0,132.0,2.0
2978925,beibuxinqu_aq,2018-04-29 13:00:00,91.0,249.0,70.0,1.3,75.0,4.0
2978926,zhiwuyuan_aq,2018-04-29 13:00:00,,,,,,
2978927,fengtaihuayuan_aq,2018-04-29 13:00:00,132.0,166.0,51.0,1.2,145.0,14.0
2978928,yungang_aq,2018-04-29 13:00:00,110.0,186.0,45.0,1.0,134.0,8.0
2978929,gucheng_aq,2018-04-29 13:00:00,110.0,131.0,55.0,1.0,141.0,7.0
2978930,fangshan_aq,2018-04-29 13:00:00,125.0,239.0,89.0,1.2,98.0,9.0
2978931,daxing_aq,2018-04-29 13:00:00,161.0,258.0,108.0,1.2,56.0,8.0
2978932,yizhuang_aq,2018-04-29 13:00:00,112.0,168.0,67.0,1.3,129.0,5.0
2978933,tongzhou_aq,2018-04-29 13:00:00,104.0,182.0,31.0,0.9,157.0,9.0
2978934,shunyi_aq,2018-04-29 13:00:00,114.0,,27.0,1.2,177.0,13.0
2978935,pingchang_aq,2018-04-29 13:00:00,108.0,140.0,32.0,0.8,143.0,7.0
2978936,mentougou_aq,2018-04-29 13:00:00,101.0,179.0,62.0,1.0,141.0,7.0
2978937,pinggu_aq,2018-04-29 13:00:00,103.0,135.0,41.0,1.1,170.0,7.0
2978938,huairou_aq,2018-04-29 13:00:00,117.0,169.0,40.0,0.8,164.0,7.0
2978939,miyun_aq,2018-04-29 13:00:00,56.0,107.0,13.0,0.6,156.0,4.0
2978940,yanqin_aq,2018-04-29 13:00:00,43.0,168.0,15.0,0.2,85.0,2.0
2978941,dingling_aq,2018-04-29 13:00:00,104.0,126.0,55.0,0.9,118.0,6.0
2978942,badaling_aq,2018-04-29 13:00:00,22.0,149.0,20.0,0.2,78.0,2.0
2978943,miyunshuiku_aq,2018-04-29 13:00:00,59.0,124.0,9.0,0.5,144.0,2.0
2978944,donggaocun_aq,2018-04-29 13:00:00,85.0,118.0,18.0,0.8,190.0,10.0
2978945,yongledian_aq,2018-04-29 13:00:00,114.0,188.0,73.0,1.4,86.0,4.0
2978946,yufa_aq,2018-04-29 13:00:00,150.0,198.0,28.0,1.1,124.0,7.0
2978947,liulihe_aq,2018-04-29 13:00:00,198.0,377.0,53.0,1.2,102.0,9.0
2978948,qianmen_aq,2018-04-29 13:00:00,115.0,134.0,60.0,1.1,132.0,16.0
2978949,yongdingmennei_aq,2018-04-29 13:00:00,116.0,124.0,97.0,1.3,145.0,17.0
2978950,xizhimenbei_aq,2018-04-29 13:00:00,136.0,155.0,72.0,1.1,116.0,12.0
2978951,nansanhuan_aq,2018-04-29 13:00:00,106.0,186.0,94.0,1.2,93.0,13.0
2978952,dongsihuan_aq,2018-04-29 13:00:00,100.0,193.0,125.0,1.2,75.0,14.0
2978974,dongsi_aq,2018-04-29 14:00:00,108.0,121.0,38.0,0.9,155.0,13.0
2978975,tiantan_aq,2018-04-29 14:00:00,,165.0,58.0,1.1,124.0,12.0
2978976,guanyuan_aq,2018-04-29 14:00:00,128.0,144.0,52.0,1.0,140.0,13.0
2978977,wanshouxigong_aq,2018-04-29 14:00:00,103.0,162.0,40.0,1.2,124.0,9.0
2978978,aotizhongxin_aq,2018-04-29 14:00:00,100.0,123.0,53.0,0.9,126.0,9.0
2978979,nongzhanguan_aq,2018-04-29 14:00:00,99.0,132.0,40.0,1.0,125.0,8.0
2978980,wanliu_aq,2018-04-29 14:00:00,101.0,171.0,91.0,1.0,78.0,2.0
2978981,beibuxinqu_aq,2018-04-29 14:00:00,100.0,230.0,72.0,1.3,47.0,2.0
2978982,zhiwuyuan_aq,2018-04-29 14:00:00,,,,,,
2978983,fengtaihuayuan_aq,2018-04-29 14:00:00,123.0,171.0,57.0,1.2,124.0,12.0
2978984,yungang_aq,2018-04-29 14:00:00,104.0,162.0,42.0,1.0,124.0,7.0
2978985,gucheng_aq,2018-04-29 14:00:00,119.0,140.0,52.0,0.9,136.0,7.0
2978986,fangshan_aq,2018-04-29 14:00:00,103.0,208.0,79.0,1.1,103.0,8.0
2978987,daxing_aq,2018-04-29 14:00:00,129.0,190.0,60.0,0.9,113.0,9.0
2978988,yizhuang_aq,2018-04-29 14:00:00,104.0,155.0,68.0,1.2,115.0,5.0
2978989,tongzhou_aq,2018-04-29 14:00:00,108.0,186.0,34.0,0.9,136.0,9.0
2978990,shunyi_aq,2018-04-29 14:00:00,74.0,136.0,18.0,0.9,146.0,9.0
2978991,pingchang_aq,2018-04-29 14:00:00,101.0,147.0,34.0,0.7,120.0,6.0
2978992,mentougou_aq,2018-04-29 14:00:00,105.0,177.0,59.0,1.0,114.0,5.0
2978993,pinggu_aq,2018-04-29 14:00:00,102.0,121.0,39.0,1.2,148.0,5.0
2978994,huairou_aq,2018-04-29 14:00:00,106.0,,42.0,0.6,139.0,5.0
2978995,miyun_aq,2018-04-29 14:00:00,39.0,121.0,10.0,0.4,132.0,2.0
2978996,yanqin_aq,2018-04-29 14:00:00,39.0,150.0,15.0,0.2,80.0,2.0
2978997,dingling_aq,2018-04-29 14:00:00,84.0,,38.0,0.7,124.0,6.0
2978998,badaling_aq,2018-04-29 14:00:00,29.0,206.0,74.0,0.3,26.0,2.0
2978999,miyunshuiku_aq,2018-04-29 14:00:00,41.0,76.0,8.0,0.3,118.0,2.0
2979000,donggaocun_aq,2018-04-29 14:00:00,91.0,115.0,18.0,0.8,179.0,11.0
2979001,yongledian_aq,2018-04-29 14:00:00,118.0,207.0,62.0,1.4,82.0,2.0
2979002,yufa_aq,2018-04-29 14:00:00,172.0,200.0,31.0,1.2,111.0,6.0
2979003,liulihe_aq,2018-04-29 14:00:00,175.0,261.0,50.0,1.2,93.0,9.0
2979004,qianmen_aq,2018-04-29 14:00:00,106.0,136.0,55.0,1.1,133.0,15.0
2979005,yongdingmennei_aq,2018-04-29 14:00:00,109.0,132.0,84.0,1.2,158.0,19.0
2979006,xizhimenbei_aq,2018-04-29 14:00:00,134.0,,77.0,1.0,105.0,12.0
2979007,nansanhuan_aq,2018-04-29 14:00:00,96.0,159.0,95.0,1.1,88.0,12.0
2979008,dongsihuan_aq,2018-04-29 14:00:00,97.0,201.0,114.0,1.2,73.0,12.0
2979030,dongsi_aq,2018-04-29 15:00:00,61.0,,26.0,0.6,125.0,4.0
2979031,tiantan_aq,2018-04-29 15:00:00,,139.0,29.0,0.7,121.0,10.0
2979032,guanyuan_aq,2018-04-29 15:00:00,84.0,,34.0,0.6,137.0,7.0
2979033,wanshouxigong_aq,2018-04-29 15:00:00,75.0,,31.0,0.9,114.0,7.0
2979034,aotizhongxin_aq,2018-04-29 15:00:00,67.0,88.0,35.0,0.6,120.0,5.0
2979035,nongzhanguan_aq,2018-04-29 15:00:00,59.0,,32.0,0.6,103.0,4.0
2979036,wanliu_aq,2018-04-29 15:00:00,102.0,165.0,88.0,1.0,74.0,2.0
2979037,beibuxinqu_aq,2018-04-29 15:00:00,101.0,195.0,67.0,1.2,37.0,2.0
2979038,zhiwuyuan_aq,2018-04-29 15:00:00,,,,,,
2979039,fengtaihuayuan_aq,2018-04-29 15:00:00,99.0,124.0,37.0,1.0,130.0,9.0
2979040,yungang_aq,2018-04-29 15:00:00,109.0,153.0,41.0,1.0,119.0,6.0
2979041,gucheng_aq,2018-04-29 15:00:00,120.0,134.0,52.0,0.9,128.0,6.0
2979042,fangshan_aq,2018-04-29 15:00:00,101.0,201.0,73.0,1.0,109.0,8.0
2979043,daxing_aq,2018-04-29 15:00:00,126.0,175.0,70.0,0.9,91.0,9.0
2979044,yizhuang_aq,2018-04-29 15:00:00,94.0,135.0,74.0,1.1,97.0,7.0
2979045,tongzhou_aq,2018-04-29 15:00:00,86.0,156.0,26.0,0.7,126.0,9.0
2979046,shunyi_aq,2018-04-29 15:00:00,46.0,99.0,13.0,0.7,117.0,5.0
2979047,pingchang_aq,2018-04-29 15:00:00,56.0,,12.0,0.4,96.0,3.0
2979048,mentougou_aq,2018-04-29 15:00:00,113.0,187.0,59.0,1.0,98.0,4.0
2979049,pinggu_aq,2018-04-29 15:00:00,49.0,63.0,15.0,0.5,127.0,6.0
2979050,huairou_aq,2018-04-29 15:00:00,79.0,,36.0,0.3,112.0,3.0
2979051,miyun_aq,2018-04-29 15:00:00,33.0,118.0,10.0,0.4,122.0,2.0
2979052,yanqin_aq,2018-04-29 15:00:00,33.0,134.0,16.0,0.2,73.0,2.0
2979053,dingling_aq,2018-04-29 15:00:00,35.0,,18.0,0.2,77.0,2.0
2979054,badaling_aq,2018-04-29 15:00:00,31.0,228.0,87.0,0.3,8.0,4.0
2979055,miyunshuiku_aq,2018-04-29 15:00:00,34.0,85.0,9.0,0.4,109.0,2.0
2979056,donggaocun_aq,2018-04-29 15:00:00,57.0,110.0,17.0,0.6,144.0,11.0
2979057,yongledian_aq,2018-04-29 15:00:00,108.0,114.0,68.0,1.2,107.0,7.0
2979058,yufa_aq,2018-04-29 15:00:00,167.0,181.0,62.0,1.2,90.0,8.0
2979059,liulihe_aq,2018-04-29 15:00:00,141.0,170.0,45.0,1.0,106.0,9.0
2979060,qianmen_aq,2018-04-29 15:00:00,70.0,,37.0,0.6,118.0,11.0
2979061,yongdingmennei_aq,2018-04-29 15:00:00,71.0,,57.0,0.8,140.0,18.0
2979062,xizhimenbei_aq,2018-04-29 15:00:00,110.0,,37.0,0.7,120.0,11.0
2979063,nansanhuan_aq,2018-04-29 15:00:00,62.0,162.0,59.0,0.7,99.0,8.0
2979064,dongsihuan_aq,2018-04-29 15:00:00,41.0,165.0,81.0,0.7,70.0,8.0
2979126,dongsi_aq,2018-04-29 18:00:00,24.0,93.0,25.0,0.3,59.0,2.0
2979127,tiantan_aq,2018-04-29 18:00:00,,101.0,24.0,0.4,72.0,2.0
2979128,guanyuan_aq,2018-04-29 18:00:00,35.0,97.0,39.0,0.3,72.0,2.0
2979129,wanshouxigong_aq,2018-04-29 18:00:00,22.0,99.0,20.0,0.5,69.0,2.0
2979130,aotizhongxin_aq,2018-04-29 18:00:00,24.0,55.0,28.0,0.3,73.0,2.0
2979131,nongzhanguan_aq,2018-04-29 18:00:00,22.0,127.0,30.0,0.3,58.0,3.0
2979132,wanliu_aq,2018-04-29 18:00:00,15.0,85.0,15.0,0.2,95.0,2.0
2979133,beibuxinqu_aq,2018-04-29 18:00:00,18.0,86.0,18.0,0.6,75.0,3.0
2979134,zhiwuyuan_aq,2018-04-29 18:00:00,,,,,,
2979135,fengtaihuayuan_aq,2018-04-29 18:00:00,36.0,95.0,26.0,0.5,77.0,2.0
2979136,yungang_aq,2018-04-29 18:00:00,8.0,114.0,14.0,0.3,94.0,2.0
2979137,gucheng_aq,2018-04-29 18:00:00,27.0,51.0,19.0,0.3,67.0,4.0
2979138,fangshan_aq,2018-04-29 18:00:00,34.0,152.0,34.0,0.4,85.0,4.0
2979139,daxing_aq,2018-04-29 18:00:00,33.0,124.0,43.0,0.1,49.0,4.0
2979140,yizhuang_aq,2018-04-29 18:00:00,21.0,74.0,33.0,0.4,64.0,3.0
2979141,tongzhou_aq,2018-04-29 18:00:00,19.0,91.0,19.0,0.3,69.0,3.0
2979142,shunyi_aq,2018-04-29 18:00:00,22.0,44.0,9.0,0.6,96.0,3.0
2979143,pingchang_aq,2018-04-29 18:00:00,32.0,90.0,16.0,0.2,68.0,3.0
2979144,mentougou_aq,2018-04-29 18:00:00,20.0,89.0,19.0,0.4,94.0,2.0
2979145,pinggu_aq,2018-04-29 18:00:00,11.0,41.0,10.0,0.3,91.0,2.0
2979146,huairou_aq,2018-04-29 18:00:00,29.0,67.0,30.0,0.1,84.0,3.0
2979147,miyun_aq,2018-04-29 18:00:00,17.0,41.0,11.0,0.4,97.0,3.0
2979148,yanqin_aq,2018-04-29 18:00:00,24.0,108.0,13.0,0.2,76.0,2.0
2979149,dingling_aq,2018-04-29 18:00:00,37.0,114.0,28.0,0.3,43.0,3.0
2979150,badaling_aq,2018-04-29 18:00:00,96.0,128.0,19.0,0.2,75.0,2.0
2979151,miyunshuiku_aq,2018-04-29 18:00:00,21.0,34.0,9.0,0.3,94.0,3.0
2979152,donggaocun_aq,2018-04-29 18:00:00,15.0,29.0,6.0,0.2,92.0,5.0
2979153,yongledian_aq,2018-04-29 18:00:00,23.0,137.0,15.0,0.6,91.0,2.0
2979154,yufa_aq,2018-04-29 18:00:00,21.0,59.0,12.0,0.4,95.0,2.0
2979155,liulihe_aq,2018-04-29 18:00:00,61.0,252.0,49.0,0.5,60.0,2.0
2979156,qianmen_aq,2018-04-29 18:00:00,24.0,62.0,42.0,0.3,62.0,4.0
2979157,yongdingmennei_aq,2018-04-29 18:00:00,28.0,105.0,37.0,0.3,78.0,11.0
2979158,xizhimenbei_aq,2018-04-29 18:00:00,40.0,101.0,36.0,0.4,64.0,4.0
2979159,nansanhuan_aq,2018-04-29 18:00:00,16.0,121.0,66.0,0.3,39.0,3.0
2979160,dongsihuan_aq,2018-04-29 18:00:00,16.0,156.0,78.0,0.4,26.0,4.0
2979182,dongsi_aq,2018-04-29 19:00:00,21.0,35.0,36.0,0.4,38.0,2.0
2979183,tiantan_aq,2018-04-29 19:00:00,,88.0,35.0,0.4,54.0,2.0
2979184,guanyuan_aq,2018-04-29 19:00:00,27.0,54.0,28.0,0.4,74.0,2.0
2979185,wanshouxigong_aq,2018-04-29 19:00:00,26.0,81.0,28.0,0.5,54.0,2.0
2979186,aotizhongxin_aq,2018-04-29 19:00:00,24.0,40.0,32.0,0.4,56.0,2.0
2979187,nongzhanguan_aq,2018-04-29 19:00:00,21.0,51.0,44.0,0.4,40.0,3.0
2979188,wanliu_aq,2018-04-29 19:00:00,22.0,82.0,29.0,0.4,70.0,2.0
2979189,beibuxinqu_aq,2018-04-29 19:00:00,30.0,77.0,25.0,0.5,63.0,2.0
2979190,zhiwuyuan_aq,2018-04-29 19:00:00,,,,,,
2979191,fengtaihuayuan_aq,2018-04-29 19:00:00,33.0,100.0,41.0,0.5,53.0,2.0
2979192,yungang_aq,2018-04-29 19:00:00,16.0,95.0,29.0,0.4,67.0,2.0
2979193,gucheng_aq,2018-04-29 19:00:00,23.0,59.0,37.0,0.3,43.0,2.0
2979194,fangshan_aq,2018-04-29 19:00:00,23.0,109.0,41.0,0.4,68.0,2.0
2979195,daxing_aq,2018-04-29 19:00:00,25.0,91.0,44.0,0.1,40.0,3.0
2979196,yizhuang_aq,2018-04-29 19:00:00,17.0,59.0,28.0,0.4,65.0,2.0
2979197,tongzhou_aq,2018-04-29 19:00:00,19.0,89.0,13.0,0.3,66.0,2.0
2979198,shunyi_aq,2018-04-29 19:00:00,24.0,56.0,24.0,0.6,71.0,3.0
2979199,pingchang_aq,2018-04-29 19:00:00,24.0,72.0,36.0,0.3,41.0,2.0
2979200,mentougou_aq,2018-04-29 19:00:00,17.0,69.0,29.0,0.4,84.0,2.0
2979201,pinggu_aq,2018-04-29 19:00:00,10.0,40.0,12.0,0.2,85.0,2.0
2979202,huairou_aq,2018-04-29 19:00:00,26.0,57.0,32.0,0.3,67.0,2.0
2979203,miyun_aq,2018-04-29 19:00:00,14.0,43.0,11.0,0.3,93.0,2.0
2979204,yanqin_aq,2018-04-29 19:00:00,22.0,100.0,22.0,0.2,60.0,2.0
2979205,dingling_aq,2018-04-29 19:00:00,22.0,78.0,35.0,0.2,27.0,2.0
2979206,badaling_aq,2018-04-29 19:00:00,43.0,137.0,89.0,0.3,4.0,4.0
2979207,miyunshuiku_aq,2018-04-29 19:00:00,20.0,59.0,9.0,0.4,90.0,3.0
2979208,donggaocun_aq,2018-04-29 19:00:00,12.0,50.0,8.0,0.2,79.0,5.0
2979209,yongledian_aq,2018-04-29 19:00:00,23.0,,15.0,0.6,87.0,2.0
2979210,yufa_aq,2018-04-29 19:00:00,24.0,98.0,11.0,0.4,99.0,2.0
2979211,liulihe_aq,2018-04-29 19:00:00,41.0,211.0,35.0,0.3,64.0,2.0
2979212,qianmen_aq,2018-04-29 19:00:00,22.0,58.0,52.0,0.4,45.0,3.0
2979213,yongdingmennei_aq,2018-04-29 19:00:00,25.0,52.0,54.0,0.4,56.0,8.0
2979214,xizhimenbei_aq,2018-04-29 19:00:00,49.0,62.0,64.0,0.4,41.0,4.0
2979215,nansanhuan_aq,2018-04-29 19:00:00,16.0,133.0,78.0,0.3,14.0,4.0
2979216,dongsihuan_aq,2018-04-29 19:00:00,16.0,152.0,90.0,0.4,4.0,5.0
2979238,dongsi_aq,2018-04-29 20:00:00,20.0,40.0,26.0,0.3,62.0,2.0
2979239,tiantan_aq,2018-04-29 20:00:00,,60.0,25.0,0.3,54.0,2.0
2979240,guanyuan_aq,2018-04-29 20:00:00,22.0,52.0,31.0,0.4,58.0,2.0
2979241,wanshouxigong_aq,2018-04-29 20:00:00,19.0,47.0,21.0,0.4,57.0,2.0
2979242,aotizhongxin_aq,2018-04-29 20:00:00,22.0,51.0,35.0,0.4,47.0,2.0
2979243,nongzhanguan_aq,2018-04-29 20:00:00,22.0,51.0,33.0,0.4,47.0,3.0
2979244,wanliu_aq,2018-04-29 20:00:00,22.0,76.0,42.0,0.4,46.0,2.0
2979245,beibuxinqu_aq,2018-04-29 20:00:00,18.0,102.0,42.0,0.5,21.0,2.0
2979246,zhiwuyuan_aq,2018-04-29 20:00:00,,,,,,
2979247,fengtaihuayuan_aq,2018-04-29 20:00:00,28.0,64.0,31.0,0.4,57.0,2.0
2979248,yungang_aq,2018-04-29 20:00:00,15.0,91.0,29.0,0.3,63.0,2.0
2979249,gucheng_aq,2018-04-29 20:00:00,28.0,76.0,57.0,0.3,22.0,2.0
2979250,fangshan_aq,2018-04-29 20:00:00,19.0,83.0,36.0,0.3,,2.0
2979251,daxing_aq,2018-04-29 20:00:00,19.0,60.0,32.0,0.1,47.0,2.0
2979252,yizhuang_aq,2018-04-29 20:00:00,14.0,42.0,26.0,0.4,64.0,2.0
2979253,tongzhou_aq,2018-04-29 20:00:00,17.0,59.0,12.0,0.3,67.0,2.0
2979254,shunyi_aq,2018-04-29 20:00:00,23.0,57.0,25.0,0.6,61.0,3.0
2979255,pingchang_aq,2018-04-29 20:00:00,22.0,55.0,14.0,0.3,62.0,2.0
2979256,mentougou_aq,2018-04-29 20:00:00,16.0,86.0,41.0,0.4,51.0,2.0
2979257,pinggu_aq,2018-04-29 20:00:00,12.0,52.0,15.0,0.2,,2.0
2979258,huairou_aq,2018-04-29 20:00:00,23.0,63.0,28.0,0.3,,2.0
2979259,miyun_aq,2018-04-29 20:00:00,19.0,49.0,14.0,0.4,72.0,2.0
2979260,yanqin_aq,2018-04-29 20:00:00,21.0,89.0,29.0,0.2,39.0,2.0
2979261,dingling_aq,2018-04-29 20:00:00,16.0,109.0,23.0,0.2,,2.0
2979262,badaling_aq,2018-04-29 20:00:00,35.0,150.0,66.0,0.3,15.0,4.0
2979263,miyunshuiku_aq,2018-04-29 20:00:00,20.0,69.0,11.0,0.4,73.0,3.0
2979264,donggaocun_aq,2018-04-29 20:00:00,12.0,41.0,9.0,0.3,,5.0
2979265,yongledian_aq,2018-04-29 20:00:00,18.0,25.0,19.0,0.7,76.0,2.0
2979266,yufa_aq,2018-04-29 20:00:00,25.0,74.0,11.0,0.4,83.0,2.0
2979267,liulihe_aq,2018-04-29 20:00:00,36.0,182.0,41.0,0.3,59.0,2.0
2979268,qianmen_aq,2018-04-29 20:00:00,10.0,30.0,41.0,0.3,,3.0
2979269,yongdingmennei_aq,2018-04-29 20:00:00,16.0,32.0,37.0,0.4,,8.0
2979270,xizhimenbei_aq,2018-04-29 20:00:00,41.0,77.0,60.0,0.3,,3.0
2979271,nansanhuan_aq,2018-04-29 20:00:00,8.0,89.0,49.0,0.2,40.0,2.0
2979272,dongsihuan_aq,2018-04-29 20:00:00,12.0,153.0,80.0,0.3,13.0,5.0
2979294,dongsi_aq,2018-04-29 21:00:00,18.0,,18.0,0.4,65.0,2.0
2979295,tiantan_aq,2018-04-29 21:00:00,,48.0,27.0,0.4,52.0,2.0
2979296,guanyuan_aq,2018-04-29 21:00:00,14.0,29.0,28.0,0.3,56.0,2.0
2979297,wanshouxigong_aq,2018-04-29 21:00:00,18.0,40.0,22.0,0.5,50.0,2.0
2979298,aotizhongxin_aq,2018-04-29 21:00:00,14.0,30.0,18.0,0.3,60.0,2.0
2979299,nongzhanguan_aq,2018-04-29 21:00:00,10.0,27.0,19.0,0.4,55.0,3.0
2979300,wanliu_aq,2018-04-29 21:00:00,15.0,54.0,39.0,0.3,48.0,2.0
2979301,beibuxinqu_aq,2018-04-29 21:00:00,21.0,56.0,58.0,0.5,6.0,2.0
2979302,zhiwuyuan_aq,2018-04-29 21:00:00,,,,,,
2979303,fengtaihuayuan_aq,2018-04-29 21:00:00,26.0,39.0,27.0,0.4,58.0,2.0
2979304,yungang_aq,2018-04-29 21:00:00,12.0,53.0,20.0,0.3,71.0,2.0
2979305,gucheng_aq,2018-04-29 21:00:00,24.0,32.0,22.0,0.3,56.0,2.0
2979306,fangshan_aq,2018-04-29 21:00:00,14.0,52.0,25.0,0.3,71.0,2.0
2979307,daxing_aq,2018-04-29 21:00:00,13.0,45.0,35.0,0.1,51.0,2.0
2979308,yizhuang_aq,2018-04-29 21:00:00,12.0,44.0,18.0,0.5,69.0,2.0
2979309,tongzhou_aq,2018-04-29 21:00:00,18.0,60.0,14.0,0.5,65.0,3.0
2979310,shunyi_aq,2018-04-29 21:00:00,15.0,45.0,17.0,0.7,64.0,4.0
2979311,pingchang_aq,2018-04-29 21:00:00,17.0,63.0,28.0,0.4,42.0,2.0
2979312,mentougou_aq,2018-04-29 21:00:00,18.0,89.0,61.0,0.4,36.0,2.0
2979313,pinggu_aq,2018-04-29 21:00:00,14.0,48.0,13.0,0.3,70.0,2.0
2979314,huairou_aq,2018-04-29 21:00:00,18.0,82.0,7.0,0.4,60.0,2.0
2979315,miyun_aq,2018-04-29 21:00:00,16.0,48.0,16.0,0.4,68.0,3.0
2979316,yanqin_aq,2018-04-29 21:00:00,20.0,82.0,33.0,0.2,34.0,2.0
2979317,dingling_aq,2018-04-29 21:00:00,21.0,82.0,18.0,0.2,37.0,2.0
2979318,badaling_aq,2018-04-29 21:00:00,32.0,154.0,83.0,0.3,10.0,4.0
2979319,miyunshuiku_aq,2018-04-29 21:00:00,16.0,39.0,10.0,0.4,72.0,4.0
2979320,donggaocun_aq,2018-04-29 21:00:00,17.0,44.0,11.0,0.6,71.0,4.0
2979321,yongledian_aq,2018-04-29 21:00:00,20.0,38.0,25.0,0.7,72.0,3.0
2979322,yufa_aq,2018-04-29 21:00:00,21.0,55.0,14.0,0.5,77.0,2.0
2979323,liulihe_aq,2018-04-29 21:00:00,23.0,101.0,21.0,0.3,86.0,2.0
2979324,qianmen_aq,2018-04-29 21:00:00,16.0,35.0,76.0,0.5,21.0,3.0
2979325,yongdingmennei_aq,2018-04-29 21:00:00,12.0,35.0,47.0,0.5,60.0,7.0
2979326,xizhimenbei_aq,2018-04-29 21:00:00,34.0,,36.0,0.3,47.0,3.0
2979327,nansanhuan_aq,2018-04-29 21:00:00,8.0,71.0,52.0,0.3,31.0,3.0
2979328,dongsihuan_aq,2018-04-29 21:00:00,11.0,101.0,77.0,0.3,12.0,6.0
2979350,dongsi_aq,2018-04-29 22:00:00,20.0,37.0,22.0,0.5,63.0,3.0
2979351,tiantan_aq,2018-04-29 22:00:00,,54.0,31.0,0.5,39.0,2.0
2979352,guanyuan_aq,2018-04-29 22:00:00,16.0,46.0,23.0,0.5,64.0,2.0
2979353,wanshouxigong_aq,2018-04-29 22:00:00,19.0,63.0,25.0,0.6,53.0,2.0
2979354,aotizhongxin_aq,2018-04-29 22:00:00,19.0,35.0,22.0,0.5,60.0,2.0
2979355,nongzhanguan_aq,2018-04-29 22:00:00,15.0,52.0,22.0,0.6,58.0,5.0
2979356,wanliu_aq,2018-04-29 22:00:00,16.0,45.0,27.0,0.4,58.0,2.0
2979357,beibuxinqu_aq,2018-04-29 22:00:00,21.0,92.0,62.0,0.6,2.0,2.0
2979358,zhiwuyuan_aq,2018-04-29 22:00:00,,,,,,
2979359,fengtaihuayuan_aq,2018-04-29 22:00:00,22.0,50.0,21.0,0.5,65.0,2.0
2979360,yungang_aq,2018-04-29 22:00:00,8.0,45.0,13.0,0.4,85.0,2.0
2979361,gucheng_aq,2018-04-29 22:00:00,18.0,31.0,26.0,0.4,57.0,2.0
2979362,fangshan_aq,2018-04-29 22:00:00,14.0,55.0,33.0,0.4,65.0,2.0
2979363,daxing_aq,2018-04-29 22:00:00,17.0,58.0,35.0,0.2,54.0,2.0
2979364,yizhuang_aq,2018-04-29 22:00:00,12.0,48.0,17.0,0.5,74.0,2.0
2979365,tongzhou_aq,2018-04-29 22:00:00,17.0,62.0,18.0,0.7,58.0,5.0
2979366,shunyi_aq,2018-04-29 22:00:00,19.0,54.0,24.0,0.7,53.0,4.0
2979367,pingchang_aq,2018-04-29 22:00:00,22.0,77.0,40.0,0.3,23.0,2.0
2979368,mentougou_aq,2018-04-29 22:00:00,16.0,92.0,67.0,0.4,31.0,2.0
2979369,pinggu_aq,2018-04-29 22:00:00,15.0,53.0,21.0,0.3,53.0,2.0
2979370,huairou_aq,2018-04-29 22:00:00,17.0,69.0,4.0,0.4,55.0,2.0
2979371,miyun_aq,2018-04-29 22:00:00,16.0,56.0,27.0,0.5,51.0,3.0
2979372,yanqin_aq,2018-04-29 22:00:00,26.0,111.0,47.0,0.2,16.0,2.0
2979373,dingling_aq,2018-04-29 22:00:00,19.0,93.0,27.0,0.3,24.0,2.0
2979374,badaling_aq,2018-04-29 22:00:00,29.0,126.0,71.0,0.3,15.0,3.0
2979375,miyunshuiku_aq,2018-04-29 22:00:00,17.0,62.0,9.0,0.4,62.0,2.0
2979376,donggaocun_aq,2018-04-29 22:00:00,13.0,53.0,10.0,0.4,74.0,2.0
2979377,yongledian_aq,2018-04-29 22:00:00,28.0,52.0,33.0,1.0,58.0,5.0
2979378,yufa_aq,2018-04-29 22:00:00,31.0,67.0,18.0,0.6,68.0,2.0
2979379,liulihe_aq,2018-04-29 22:00:00,25.0,72.0,17.0,0.3,85.0,2.0
2979380,qianmen_aq,2018-04-29 22:00:00,22.0,60.0,57.0,0.6,37.0,4.0
2979381,yongdingmennei_aq,2018-04-29 22:00:00,15.0,68.0,69.0,0.6,46.0,5.0
2979382,xizhimenbei_aq,2018-04-29 22:00:00,30.0,65.0,37.0,0.4,50.0,2.0
2979383,nansanhuan_aq,2018-04-29 22:00:00,9.0,75.0,67.0,0.5,28.0,4.0
2979384,dongsihuan_aq,2018-04-29 22:00:00,12.0,91.0,69.0,0.5,25.0,6.0
2979406,dongsi_aq,2018-04-29 23:00:00,20.0,32.0,27.0,0.6,59.0,5.0
2979407,tiantan_aq,2018-04-29 23:00:00,,94.0,32.0,0.6,46.0,2.0
2979408,guanyuan_aq,2018-04-29 23:00:00,23.0,64.0,27.0,0.6,62.0,3.0
2979409,wanshouxigong_aq,2018-04-29 23:00:00,19.0,77.0,27.0,0.7,56.0,2.0
2979410,aotizhongxin_aq,2018-04-29 23:00:00,18.0,57.0,27.0,0.6,57.0,4.0
2979411,nongzhanguan_aq,2018-04-29 23:00:00,19.0,74.0,29.0,0.7,52.0,7.0
2979412,wanliu_aq,2018-04-29 23:00:00,18.0,83.0,45.0,0.5,42.0,2.0
2979413,beibuxinqu_aq,2018-04-29 23:00:00,16.0,51.0,35.0,0.5,42.0,2.0
2979414,zhiwuyuan_aq,2018-04-29 23:00:00,,,,,,
2979415,fengtaihuayuan_aq,2018-04-29 23:00:00,31.0,55.0,24.0,0.5,70.0,3.0
2979416,yungang_aq,2018-04-29 23:00:00,5.0,52.0,16.0,0.4,74.0,2.0
2979417,gucheng_aq,2018-04-29 23:00:00,21.0,66.0,34.0,0.4,57.0,2.0
2979418,fangshan_aq,2018-04-29 23:00:00,13.0,66.0,24.0,0.5,78.0,2.0
2979419,daxing_aq,2018-04-29 23:00:00,19.0,77.0,35.0,0.4,55.0,4.0
2979420,yizhuang_aq,2018-04-29 23:00:00,17.0,60.0,23.0,0.8,61.0,2.0
2979421,tongzhou_aq,2018-04-29 23:00:00,20.0,71.0,20.0,0.8,57.0,7.0
2979422,shunyi_aq,2018-04-29 23:00:00,18.0,56.0,28.0,1.0,51.0,6.0
2979423,pingchang_aq,2018-04-29 23:00:00,27.0,137.0,57.0,0.4,3.0,2.0
2979424,mentougou_aq,2018-04-29 23:00:00,18.0,91.0,47.0,0.4,56.0,2.0
2979425,pinggu_aq,2018-04-29 23:00:00,12.0,64.0,21.0,0.4,54.0,2.0
2979426,huairou_aq,2018-04-29 23:00:00,4.0,55.0,5.0,0.5,51.0,2.0
2979427,miyun_aq,2018-04-29 23:00:00,20.0,77.0,35.0,0.5,35.0,4.0
2979428,yanqin_aq,2018-04-29 23:00:00,23.0,114.0,35.0,0.2,26.0,2.0
2979429,dingling_aq,2018-04-29 23:00:00,23.0,85.0,28.0,0.3,24.0,2.0
2979430,badaling_aq,2018-04-29 23:00:00,26.0,144.0,60.0,0.4,20.0,2.0
2979431,miyunshuiku_aq,2018-04-29 23:00:00,22.0,54.0,7.0,0.4,58.0,3.0
2979432,donggaocun_aq,2018-04-29 23:00:00,13.0,65.0,10.0,0.3,71.0,2.0
2979433,yongledian_aq,2018-04-29 23:00:00,40.0,88.0,36.0,1.5,50.0,7.0
2979434,yufa_aq,2018-04-29 23:00:00,28.0,87.0,19.0,0.8,63.0,4.0
2979435,liulihe_aq,2018-04-29 23:00:00,28.0,78.0,19.0,0.4,79.0,2.0
2979436,qianmen_aq,2018-04-29 23:00:00,24.0,81.0,64.0,0.6,34.0,5.0
2979437,yongdingmennei_aq,2018-04-29 23:00:00,15.0,71.0,64.0,0.7,58.0,6.0
2979438,xizhimenbei_aq,2018-04-29 23:00:00,40.0,85.0,63.0,0.5,33.0,3.0
2979439,nansanhuan_aq,2018-04-29 23:00:00,12.0,88.0,78.0,0.6,22.0,6.0
2979440,dongsihuan_aq,2018-04-29 23:00:00,13.0,69.0,67.0,0.6,20.0,8.0
